nome_evento,categoria,artigo_wikipedia,eh_principal,alias_de,posicao_ranking,media_base,media_pico,razao_amplificacao,data_criacao,primeiro_dia_com_views
Terremoto Turquia-Siria,desastre_natural,2023_Turkey–Syria_earthquakes,True,,0,0.0,22045.4,999,2023-02-06,2023-02-06
Terremoto Turquia-Siria,desastre_natural,Cemal_Kütahya,False,,1,0,365.07,999,2023-02-15,
Terremoto Turquia-Siria,desastre_natural,Rönesans_Rezidans,False,,2,0,1301.2,999,2023-02-15,
Terremoto Turquia-Siria,desastre_natural,Sürgü_Fault,False,,3,0,58.33,999,2023-02-15,
Terremoto Turquia-Siria,desastre_natural,Taner_Savut,False,,4,0,2189.33,999,2023-02-10,
Terremoto Turquia-Siria,desastre_natural,"St._Paul's_Church,_Antakya",False,,5,0,419.4,999,2023-02-09,
Terremoto Turquia-Siria,desastre_natural,Nader_Joukhadar,False,,6,2.83,1595.07,562.96,2012-08-06,
Terremoto Turquia-Siria,desastre_natural,List_of_earthquakes_in_Turkey,False,,7,105.9,43197.33,407.91,2009-06-14,
Terremoto Turquia-Siria,desastre_natural,Nurdağı,False,,9,8.27,1128.2,136.48,2006-02-17,
Terremoto Turquia-Siria,desastre_natural,1872_Amik_earthquake,False,,10,3.63,374.27,103.01,2021-12-17,
Terremoto Turquia-Siria,desastre_natural,Şirvani_Mosque,False,,11,3.77,332.53,88.28,2012-06-18,
Terremoto Turquia-Siria,desastre_natural,1956_Chim_earthquake,False,,12,6.8,578.87,85.13,2012-08-02,
Terremoto Turquia-Siria,desastre_natural,2020_Iran–Turkey_earthquakes,False,,13,8.47,632.07,74.65,2020-02-23,
Terremoto Turquia-Siria,desastre_natural,Afrin_Dam,False,,14,2.6,164.4,63.23,2017-03-22,
Terremoto Turquia-Siria,desastre_natural,Hatayspor,False,,15,271.47,16227.4,59.78,2006-12-08,
Terremoto Turquia-Siria,desastre_natural,1938_Kırşehir_earthquake,False,,16,3.73,213.33,57.14,2010-07-05,
Terremoto Turquia-Siria,desastre_natural,2010_Elazığ_earthquake,False,,17,4.2,229.73,54.7,2010-03-08,
Terremoto Turquia-Siria,desastre_natural,Pazarcık,False,,18,16.9,875.4,51.8,2006-02-17,
Terremoto Turquia-Siria,desastre_natural,2019_Istanbul_earthquake,False,,19,12.93,636.2,49.19,2019-09-28,
Terremoto Turquia-Siria,desastre_natural,1999_Düzce_earthquake,False,,20,20.97,1027.13,48.99,2005-10-30,
Terremoto Turquia-Siria,desastre_natural,1992_Erzincan_earthquake,False,,21,8.27,368.8,44.61,2010-03-13,
Terremoto Turquia-Siria,desastre_natural,551_Beirut_earthquake,False,,22,34.67,1261.73,36.4,2011-03-02,
Terremoto Turquia-Siria,desastre_natural,2022_Düzce_earthquake,False,,23,23.73,805.2,33.93,2022-11-23,
Terremoto Turquia-Siria,desastre_natural,557_Constantinople_earthquake,False,,24,12.9,429.8,33.32,2011-02-04,
Terremoto Turquia-Siria,desastre_natural,Antakya_Synagogue,False,,25,3.17,105.07,33.18,2009-02-22,
Terremoto Turquia-Siria,desastre_natural,1899_Aydın–Denizli_earthquake,False,,26,5.53,180.8,32.67,2022-07-22,
Terremoto Turquia-Siria,desastre_natural,2020_Bingöl_earthquake,False,,27,3.4,104.73,30.8,2020-10-21,
Terremoto Turquia-Siria,desastre_natural,526_Antioch_earthquake,False,,28,97.13,2986.07,30.74,2009-04-26,
Terremoto Turquia-Siria,desastre_natural,1894_Istanbul_earthquake,False,,29,13.33,408.2,30.61,2014-03-26,
Terremoto Turquia-Siria,desastre_natural,1970_Gediz_earthquake,False,,30,5.23,154.07,29.44,2009-02-17,
Terremoto Turquia-Siria,desastre_natural,1943_Tosya–Ladik_earthquake,False,,31,7.17,201.4,28.1,2010-07-05,
Terremoto Turquia-Siria,desastre_natural,1202_Syria_earthquake,False,,32,19.23,530.13,27.56,2009-04-16,
Terremoto Turquia-Siria,desastre_natural,1995_Dinar_earthquake,False,,33,3.93,106.93,27.19,2014-12-06,
Terremoto Turquia-Siria,desastre_natural,Near_East_earthquakes_of_1759,False,,34,9.53,254.8,26.73,2009-06-02,
Terremoto Turquia-Siria,desastre_natural,1914_Burdur_earthquake,False,,35,4.7,123.8,26.34,2010-07-05,
Terremoto Turquia-Siria,desastre_natural,2023_Turkey–Syria_earthquake,False,2023_Turkey–Syria_earthquakes,0,0.0,158037.27,999,2023-02-06,2023-02-06
Terremoto Al Haouz Marrocos,desastre_natural,2023_Al_Haouz_earthquake,True,,0,0.0,0.0,0,2023-09-08,2023-09-08
Terremoto Al Haouz Marrocos,desastre_natural,Tafeghaghte,False,,2,0,82.0,999,2023-09-10,
Terremoto Al Haouz Marrocos,desastre_natural,List_of_earthquakes_in_Morocco,False,,3,18.07,9149.73,506.44,2019-06-26,
Terremoto Al Haouz Marrocos,desastre_natural,"Ighil,_Morocco",False,,4,1.73,679.07,391.77,2012-06-07,
Terremoto Al Haouz Marrocos,desastre_natural,Tizi_N'Test,False,,5,1.87,729.2,390.64,2012-06-15,
Terremoto Al Haouz Marrocos,desastre_natural,Adassil,False,,6,1.43,212.13,148.0,2012-06-17,
Terremoto Al Haouz Marrocos,desastre_natural,2004_Al_Hoceima_earthquake,False,,8,10.73,1011.53,94.24,2008-05-18,
Terremoto Al Haouz Marrocos,desastre_natural,1960_Agadir_earthquake,False,,9,48.7,4037.0,82.9,2007-02-12,
Terremoto Al Haouz Marrocos,desastre_natural,"Moulay_Brahim,_Morocco",False,,10,6.87,499.53,72.75,2012-06-07,
Terremoto Al Haouz Marrocos,desastre_natural,Al_Haouz_Province,False,,11,13.03,892.33,68.47,2008-09-15,
Terremoto Al Haouz Marrocos,desastre_natural,Talat_N'Yaaqoub,False,,12,1.97,107.0,54.41,2012-06-07,
Terremoto Al Haouz Marrocos,desastre_natural,1963_Marj_earthquake,False,,14,4.53,192.47,42.46,2017-11-18,
Terremoto Al Haouz Marrocos,desastre_natural,Amizmiz,False,,15,11.33,450.27,39.73,2005-12-15,
Terremoto Al Haouz Marrocos,desastre_natural,1755_Meknes_earthquake,False,,16,12.0,436.67,36.39,2022-12-02,
Terremoto Al Haouz Marrocos,desastre_natural,Azgour,False,,18,2.23,54.73,24.51,2012-06-07,
Terremoto Al Haouz Marrocos,desastre_natural,Geology_of_Morocco,False,,19,11.13,251.27,22.57,2018-06-17,
Terremoto Al Haouz Marrocos,desastre_natural,1954_Chlef_earthquake,False,,20,8.73,183.27,20.98,2013-09-06,
Terremoto Al Haouz Marrocos,desastre_natural,1980_El_Asnam_earthquake,False,,21,13.9,261.27,18.8,2009-07-14,
Terremoto Al Haouz Marrocos,desastre_natural,Taroudant_Province,False,,22,7.5,139.2,18.56,2009-07-24,
Terremoto Al Haouz Marrocos,desastre_natural,Ijoukak,False,,23,2.2,39.93,18.15,2012-06-07,
Terremoto Al Haouz Marrocos,desastre_natural,2003_Boumerdès_earthquake,False,,24,24.37,428.8,17.6,2008-05-21,
Terremoto Al Haouz Marrocos,desastre_natural,Asni,False,,25,16.97,260.8,15.37,2005-03-04,
Terremoto Al Haouz Marrocos,desastre_natural,1969_Portugal_earthquake,False,,26,26.53,387.8,14.62,2010-02-28,
Terremoto Al Haouz Marrocos,desastre_natural,Azores–Gibraltar_Transform_Fault,False,,28,46.47,567.2,12.21,2008-03-26,
Terremoto Al Haouz Marrocos,desastre_natural,Ouirgane,False,,29,6.97,81.8,11.74,2012-06-07,
Terremoto Al Haouz Marrocos,desastre_natural,Walls_of_Marrakesh,False,,30,27.77,316.93,11.41,2020-05-26,
Terremoto Al Haouz Marrocos,desastre_natural,Oukaïmeden,False,,32,23.03,248.07,10.77,2007-04-21,
Terremoto Al Haouz Marrocos,desastre_natural,"Tadrart,_Morocco",False,,35,1.43,13.33,9.3,2005-03-26,
Terremoto Al Haouz Marrocos,desastre_natural,Kutubiyya_Mosque,False,,36,154.57,1431.73,9.26,2005-06-09,
Terremoto Al Haouz Marrocos,desastre_natural,Ministry_of_Interior_(Morocco),False,,39,10.23,80.07,7.82,2022-02-19,
Terremoto Al Haouz Marrocos,desastre_natural,1790_Oran_earthquake,False,,40,7.23,53.87,7.45,2021-10-10,
Terremoto Al Haouz Marrocos,desastre_natural,Daylight_saving_time_in_Morocco,False,,41,14.57,107.33,7.37,2011-10-20,
Terremoto Al Haouz Marrocos,desastre_natural,Chichaoua,False,,42,17.2,122.73,7.14,2009-07-24,
Terremoto Al Haouz Marrocos,desastre_natural,1761_Lisbon_earthquake,False,,43,31.03,209.4,6.75,2021-02-01,
Terremoto Al Haouz Marrocos,desastre_natural,High_Atlas,False,,44,136.73,921.87,6.74,2005-03-04,
Terremoto Al Haouz Marrocos,desastre_natural,2023_Marrakesh-Safi_earthquake,False,2023_Al_Haouz_earthquake,0,0.0,18972.47,999,2023-09-08,2023-09-08
Terremoto Al Haouz Marrocos,desastre_natural,2023_Marrakesh–Safi_earthquake,False,2023_Al_Haouz_earthquake,0,0.0,4204.27,999,2023-09-08,2023-09-08
Terremoto Noto Japao,desastre_natural,2024_Noto_earthquake,True,,0,0.0,4166.53,999,2024-01-01,2024-01-01
Terremoto Noto Japao,desastre_natural,Noto_Peninsula,False,,2,34.97,3495.07,99.95,2003-11-04,
Terremoto Noto Japao,desastre_natural,"Shika,_Ishikawa",False,,3,12.67,730.07,57.64,2004-07-27,
Terremoto Noto Japao,desastre_natural,Japan_Coast_Guard,False,,5,160.67,3295.8,20.51,2005-11-08,
Terremoto Noto Japao,desastre_natural,Japan_Meteorological_Agency_seismic_intensity_scale,False,,6,149.97,2281.8,15.22,2004-04-27,
Terremoto Noto Japao,desastre_natural,Noto_Railway,False,,8,5.77,56.27,9.76,2007-10-17,
Terremoto Noto Japao,desastre_natural,Noto_Airport,False,,9,14.47,139.47,9.64,2007-01-30,
Terremoto Noto Japao,desastre_natural,Nankai_megathrust_earthquakes,False,,10,58.7,516.33,8.8,2008-06-29,
Terremoto Noto Japao,desastre_natural,2018_Osaka_earthquake,False,,11,35.57,296.47,8.34,2018-06-18,
Terremoto Noto Japao,desastre_natural,Wajima-nuri,False,,13,10.6,76.07,7.18,2016-09-29,
Terremoto Noto Japao,desastre_natural,2005_Fukuoka_earthquake,False,,14,17.43,123.6,7.09,2005-05-03,
Terremoto Noto Japao,desastre_natural,1994_offshore_Sanriku_earthquake,False,,15,10.13,61.2,6.04,2011-07-12,
Terremoto Noto Japao,desastre_natural,684_Hakuhō_earthquake,False,,16,18.93,113.8,6.01,2019-09-24,
Terremoto Noto Japao,desastre_natural,2021_Chiba_earthquake,False,,17,15.5,92.4,5.96,2021-10-14,
Terremoto Noto Japao,desastre_natural,Chūetsu_region,False,,18,1.63,9.67,5.92,2007-01-06,
Terremoto Noto Japao,desastre_natural,1964_Niigata_earthquake,False,,19,44.73,261.0,5.83,2010-06-10,
Terremoto Noto Japao,desastre_natural,Notojima_Aquarium,False,,20,3.73,21.67,5.8,2021-04-28,
Terremoto Noto Japao,desastre_natural,Niigata_Airport,False,,21,43.07,246.07,5.71,2005-12-28,
Terremoto Noto Japao,desastre_natural,2022_Fukushima_earthquake,False,,22,105.27,561.13,5.33,2022-03-16,
Terremoto Noto Japao,desastre_natural,2012_Sanriku_earthquake,False,,23,13.23,69.27,5.23,2012-12-07,
Terremoto Noto Japao,desastre_natural,2021_Atami_landslide,False,,24,18.8,93.93,5.0,2021-07-03,
Terremoto Noto Japao,desastre_natural,Matsushiro_earthquake_swarm,False,,25,9.07,43.33,4.78,2021-05-26,
Terremoto Noto Japao,desastre_natural,1889_Kumamoto_earthquake,False,,26,7.17,30.6,4.27,2011-08-22,
Terremoto Noto Japao,desastre_natural,April_2011_Fukushima_earthquake,False,,27,39.7,168.87,4.25,2011-04-24,
Terremoto Noto Japao,desastre_natural,March_2021_Miyagi_earthquake,False,,28,27.1,113.27,4.18,2021-03-20,
Terremoto Noto Japao,desastre_natural,2016_Fukushima_earthquake,False,,29,36.57,149.87,4.1,2016-11-21,
Terremoto Noto Japao,desastre_natural,1854_Nankai_earthquake,False,,30,13.7,55.13,4.02,2009-12-01,
Terremoto Noto Japao,desastre_natural,2008_Iwate–Miyagi_Nairiku_earthquake,False,,31,17.63,70.67,4.01,2008-06-14,
Terremoto Noto Japao,desastre_natural,2011_Tōhoku_earthquake_and_tsunami,False,,32,4029.0,15833.07,3.93,2011-03-11,
Terremoto Noto Japao,desastre_natural,2000_Tottori_earthquake,False,,33,5.57,21.87,3.93,2015-06-23,
Terremoto Noto Japao,desastre_natural,1872_Hamada_earthquake,False,,34,4.77,18.67,3.92,2021-05-02,
Terremoto Noto Japao,desastre_natural,"Oyabe,_Toyama",False,,36,7.97,29.8,3.74,2003-09-27,
Terremoto Noto Japao,desastre_natural,2021_Fukushima_earthquake,False,,37,55.03,197.07,3.58,2021-02-13,
Terremoto Noto Japao,desastre_natural,1973_Nemuro_earthquake,False,,38,8.2,29.07,3.54,2021-04-16,
Terremoto Noto Japao,desastre_natural,Hainan_Television,False,,39,7.67,27.07,3.53,2011-06-14,
Terremoto Noto Japao,desastre_natural,2024_Sea_of_Japan_earthquake,False,2024_Noto_earthquake,0,0.0,40958.2,999,2024-01-01,2024-01-01
Terremoto Haiti,desastre_natural,2021_Haiti_earthquake,True,,0,0.0,13493.87,999,2021-08-14,2021-08-14
Terremoto Haiti,desastre_natural,Enriquillo–Plantain_Garden_fault_zone,False,,3,9.17,946.07,103.21,2010-01-13,
Terremoto Haiti,desastre_natural,Gabriel_Fortuné,False,,4,9.63,827.6,85.91,2019-10-05,
Terremoto Haiti,desastre_natural,List_of_earthquakes_in_Haiti,False,,5,30.07,2048.73,68.14,2010-01-14,
Terremoto Haiti,desastre_natural,Petit-Trou-de-Nippes,False,,6,6.0,275.6,45.93,2008-07-15,
Terremoto Haiti,desastre_natural,Tiburon_Peninsula,False,,7,9.7,218.27,22.5,2007-08-09,
Terremoto Haiti,desastre_natural,2018_Haiti_earthquake,False,,8,17.8,249.8,14.03,2018-10-07,
Terremoto Haiti,desastre_natural,1770_Port-au-Prince_earthquake,False,,9,8.63,98.07,11.36,2010-01-14,
Terremoto Haiti,desastre_natural,List_of_earthquakes_in_the_Caribbean,False,,10,21.77,244.73,11.24,2017-09-08,
Terremoto Haiti,desastre_natural,Hope_for_Haiti,False,,11,7.8,82.8,10.62,2010-01-21,
Terremoto Haiti,desastre_natural,1751_Port-au-Prince_earthquake,False,,12,7.67,78.07,10.18,2010-01-26,
Terremoto Haiti,desastre_natural,Chibly_Langlois,False,,13,17.0,135.4,7.96,2014-01-12,
Terremoto Haiti,desastre_natural,1946_Dominican_Republic_earthquake,False,,14,28.63,185.2,6.47,2008-06-10,
Terremoto Haiti,desastre_natural,PAGER,False,,15,2.53,16.13,6.37,2013-09-27,
Terremoto Haiti,desastre_natural,Religion_in_Haiti,False,,16,90.6,502.73,5.55,2008-11-30,
Terremoto Haiti,desastre_natural,Caribbean_plate,False,,17,2.97,14.27,4.81,2005-02-18,
Terremoto Haiti,desastre_natural,Foreign_aid_to_Haiti,False,,18,35.03,167.73,4.79,2006-01-30,
Terremoto Haiti,desastre_natural,Mainshock,False,,19,3.13,14.93,4.77,2018-06-19,
Terremoto Haiti,desastre_natural,CORE_(Community_Organized_Relief_Effort),False,,20,19.9,94.8,4.76,2011-03-01,
Terremoto Haiti,desastre_natural,Jérémie,False,,21,40.53,187.4,4.62,2005-04-09,
Terremoto Haiti,desastre_natural,1984_San_Pedro_Basin_earthquake,False,,22,3.93,17.13,4.36,2010-01-13,
Terremoto Haiti,desastre_natural,1907_Kingston_earthquake,False,,23,25.63,106.6,4.16,2010-01-15,
Terremoto Haiti,desastre_natural,Public_holidays_in_Haiti,False,,24,21.3,86.2,4.05,2009-05-13,
Terremoto Haiti,desastre_natural,Camp-Perrin,False,,25,11.57,42.67,3.69,2008-07-15,
Terremoto Haiti,desastre_natural,Mass_media_in_Haiti,False,,26,37.07,136.47,3.68,2008-03-26,
Terremoto Haiti,desastre_natural,2010s_Haiti_cholera_outbreak,False,,27,52.1,189.93,3.65,2010-12-13,
Terremoto Haiti,desastre_natural,1692_Jamaica_earthquake,False,,29,82.97,291.4,3.51,2009-12-22,
Terremoto Haiti,desastre_natural,Grand'Anse_(department),False,,30,25.83,90.33,3.5,2004-02-28,
Terremoto Haiti,desastre_natural,1974_Lesser_Antilles_earthquake,False,,31,3.13,10.93,3.49,2017-09-08,
Terremoto Haiti,desastre_natural,2009_Swan_Islands_earthquake,False,,32,5.63,19.4,3.44,2009-05-28,
Terremoto Haiti,desastre_natural,Effects_of_Hurricane_Matthew_in_Haiti,False,,33,30.37,102.6,3.38,2016-10-07,
Terremoto Haiti,desastre_natural,Léogâne,False,,34,46.33,156.0,3.37,2006-04-13,
Terremoto Haiti,desastre_natural,Fonds-des-Nègres,False,,35,3.67,11.93,3.25,2008-07-15,
Terremoto Haiti,desastre_natural,Pic_Macaya_National_Park,False,,36,5.4,16.87,3.12,2006-05-28,
Terremoto Haiti,desastre_natural,Anse-à-Veau,False,,37,9.7,30.2,3.11,2008-07-15,
Terremoto Myanmar,desastre_natural,2025_Myanmar_earthquake,True,,0,0.0,53039.47,999,2025-03-28,2025-03-28
Terremoto Myanmar,desastre_natural,State_Audit_Office_(Thailand),False,,1,0,155.87,999,2025-03-30,
Terremoto Myanmar,desastre_natural,List_of_earthquakes_in_Myanmar,False,,2,37.1,12110.2,326.42,2020-04-26,
Terremoto Myanmar,desastre_natural,Sagaing_Fault,False,,3,17.73,5685.53,320.61,2011-04-04,
Terremoto Myanmar,desastre_natural,1912_Maymyo_earthquake,False,,4,6.7,1073.47,160.22,2020-10-14,
Terremoto Myanmar,desastre_natural,Masoyein_Monastery,False,,5,3.43,218.67,63.69,2020-06-26,
Terremoto Myanmar,desastre_natural,Maha_Aungmye_Bonzan_Monastery,False,,6,8.47,520.53,61.48,2018-10-15,
Terremoto Myanmar,desastre_natural,2012_Shwebo_earthquake,False,,8,5.77,238.27,41.32,2012-11-11,
Terremoto Myanmar,desastre_natural,2011_Tarlay_earthquake,False,,9,10.4,351.2,33.77,2011-03-24,
Terremoto Myanmar,desastre_natural,Geology_of_Myanmar,False,,11,22.8,541.6,23.75,2017-09-13,
Terremoto Myanmar,desastre_natural,Special_Malaysia_Disaster_Assistance_and_Rescue_Team,False,,13,10.33,228.73,22.14,2017-05-14,
Terremoto Myanmar,desastre_natural,2016_Chauk_earthquake,False,,14,7.43,155.67,20.94,2016-08-24,
Terremoto Myanmar,desastre_natural,1931_Myitkyina_earthquake,False,,15,3.9,77.87,19.97,2012-04-04,
Terremoto Myanmar,desastre_natural,ShakeMap,False,,16,7.17,139.2,19.42,2023-06-03,
Terremoto Myanmar,desastre_natural,2016_Kani_earthquake,False,,18,4.9,79.87,16.3,2016-04-13,
Terremoto Myanmar,desastre_natural,Supershear_earthquake,False,,19,33.03,492.33,14.9,2008-06-12,
Terremoto Myanmar,desastre_natural,Sunda_megathrust,False,,20,37.57,483.87,12.88,2009-11-05,
Terremoto Myanmar,desastre_natural,March_2011_Myanmar_earthquake,False,,21,3.2,39.6,12.38,2011-03-24,
Terremoto Myanmar,desastre_natural,Sunda_plate,False,,22,64.2,731.27,11.39,2005-05-23,
Terremoto Myanmar,desastre_natural,1858_Prome_earthquake,False,,23,5.53,60.0,10.84,2022-04-04,
Terremoto Myanmar,desastre_natural,Kabaw_Fault,False,,24,2.63,28.53,10.84,2016-07-20,
Terremoto Myanmar,desastre_natural,Aungmyethazan_Township,False,,25,7.1,53.53,7.54,2008-01-02,
Terremoto Myanmar,desastre_natural,Chatuchak_district,False,,26,31.1,208.53,6.71,2005-08-04,
Terremoto Myanmar,desastre_natural,Kyaukse,False,,27,16.7,109.73,6.57,2005-08-05,
Terremoto Myanmar,desastre_natural,International_Charter_Space_and_Major_Disasters,False,,28,9.57,62.67,6.55,2010-01-19,
Terremoto Myanmar,desastre_natural,Mandalay_Region,False,,29,93.77,603.4,6.44,2005-08-01,
Terremoto Myanmar,desastre_natural,Mandalay_International_Airport,False,,30,71.97,462.6,6.43,2006-08-14,
Terremoto Myanmar,desastre_natural,2011_Yunnan_earthquake,False,,31,8.03,51.6,6.42,2011-03-10,
Terremoto Myanmar,desastre_natural,1976_Longling_earthquake,False,,32,5.4,34.6,6.41,2018-09-20,
Terremoto Myanmar,desastre_natural,Maha_Aungmye_Township,False,,33,7.93,49.27,6.21,2008-01-02,
Terremoto Myanmar,desastre_natural,Pyawbwe_Township,False,,34,6.87,42.2,6.15,2008-01-03,
Terremoto Myanmar,desastre_natural,Mandalay_General_Hospital,False,,35,7.23,42.8,5.92,2015-07-09,
Terremoto Myanmar,desastre_natural,Zabuthiri_Township,False,,36,6.33,36.47,5.76,2012-04-02,
Terremoto Myanmar,desastre_natural,PAGER,False,,37,9.33,53.53,5.74,2013-09-27,
Terremoto Myanmar,desastre_natural,Paetongtarn_Shinawatra,False,,38,1644.8,9362.2,5.69,2022-04-29,
Terremoto Myanmar,desastre_natural,2025_Sagaing_earthquake,False,2025_Myanmar_earthquake,0,0.0,9085.33,999,2025-03-28,2025-03-28
Terremoto Myanmar,desastre_natural,2025_Myanmar–Thailand_earthquake,False,2025_Myanmar_earthquake,0,0.0,551.93,999,2025-03-28,2025-03-28
Furacao Ian,desastre_natural,Hurricane_Ian,True,,0,829.97,55111.07,66.4,2022-09-08,2022-09-01
Furacao Ian,desastre_natural,"Pine_Island_(Lee_County,_Florida)",False,,2,73.07,2353.67,32.21,2004-08-18,
Furacao Ian,desastre_natural,"Fort_Myers_Beach,_Florida",False,,3,47.83,1458.67,30.49,2002-10-18,
Furacao Ian,desastre_natural,"Fort_Myers,_Florida",False,,4,892.53,9171.2,10.28,2002-10-18,
Furacao Ian,desastre_natural,"Punta_Gorda,_Florida",False,,6,367.8,3141.93,8.54,2002-10-18,
Furacao Ian,desastre_natural,WINK-TV,False,,7,83.3,637.0,7.65,2005-08-26,
Furacao Ian,desastre_natural,"Stock_Island,_Florida",False,,8,33.2,239.4,7.21,2002-10-18,
Furacao Ian,desastre_natural,HMS_Medway,False,,9,4.97,33.2,6.68,2004-07-25,
Furacao Ian,desastre_natural,Storm_surge,False,,10,691.1,4305.07,6.23,2004-01-31,
Furacao Ian,desastre_natural,"Cape_Coral,_Florida",False,,11,802.5,4897.4,6.1,2002-10-18,
Furacao Ian,desastre_natural,List_of_Category_5_Atlantic_hurricanes,False,,12,1760.43,10161.2,5.77,2005-09-01,
Furacao Ian,desastre_natural,List_of_costliest_Atlantic_hurricanes,False,,13,659.4,3760.87,5.7,2008-08-29,
Furacao Ian,desastre_natural,Southwest_Florida,False,,14,163.93,810.93,4.95,2005-08-24,
Furacao Ian,desastre_natural,Hurricane_Camille,False,,15,722.47,3126.27,4.33,2003-09-24,
Furacao Ian,desastre_natural,"Collier_County,_Florida",False,,16,312.87,1271.13,4.06,2002-08-15,
Furacao Ian,desastre_natural,WFTX-TV,False,,17,34.9,140.6,4.03,2005-08-27,
Furacao Ian,desastre_natural,List_of_Florida_hurricanes_(2000–present),False,,18,1372.17,5463.8,3.98,2007-10-12,
Furacao Ian,desastre_natural,List_of_South_Carolina_hurricanes,False,,19,1.93,7.47,3.86,2022-11-05,
Furacao Ian,desastre_natural,Hurricane_Michael,False,,20,2675.9,9989.67,3.73,2018-10-07,
Furacao Ian,desastre_natural,Hurricane_Hugo,False,,21,1162.77,4201.27,3.61,2003-07-27,
Furacao Ian,desastre_natural,Eyewall_replacement_cycle,False,,22,301.9,1089.47,3.61,2009-09-25,
Furacao Ian,desastre_natural,Hurricane_Allen,False,,23,350.9,1251.87,3.57,2004-09-07,
Furacao Ian,desastre_natural,1924_Cuba_hurricane,False,,24,91.87,311.13,3.39,2008-11-22,
Furacao Ian,desastre_natural,Hurricane_Isabel,False,,25,499.4,1617.33,3.24,2003-09-14,
Furacao Ian,desastre_natural,List_of_retired_Atlantic_hurricane_names,False,,26,1319.2,4168.07,3.16,2005-12-15,
Furacao Ian,desastre_natural,Hurricane_Gloria,False,,27,309.53,924.87,2.99,2004-09-13,
Furacao Ian,desastre_natural,Hurricane_Celia,False,,28,54.7,159.6,2.92,2004-09-15,
Furacao Ian,desastre_natural,Hurricane_Anita,False,,29,69.97,203.4,2.91,2004-09-15,
Furacao Ian,desastre_natural,Hurricane_Sandy,False,,30,3217.97,9348.47,2.91,2012-10-23,
Furacao Ian,desastre_natural,Hurricane_Alicia,False,,31,146.27,424.0,2.9,2003-07-28,
Furacao Ian,desastre_natural,Hurricane_Frances,False,,32,484.63,1382.73,2.85,2004-08-31,
Furacao Ian,desastre_natural,Hurricane_Felix,False,,33,106.73,300.07,2.81,2007-09-02,
Furacao Ian,desastre_natural,Hurricane_Agnes,False,,34,260.8,732.53,2.81,2004-01-04,
Furacao Ian,desastre_natural,Hurricane_Melissa,False,,35,0.17,0.47,2.8,2025-10-21,
Furacao Ian,desastre_natural,Hurricane_Iota,False,,36,313.77,876.13,2.79,2020-11-13,
Furacao Ian,desastre_natural,Hurricane_ian,False,Hurricane_Ian,0,0.0,3289.87,999,2022-09-08,2022-09-01
Incendios Maui Havai,desastre_natural,2023_Hawaii_wildfires,True,,0,0.0,49086.67,999,2023-08-09,2023-08-09
Incendios Maui Havai,desastre_natural,Lāhainā_Lighthouse,False,,1,0,192.2,999,2023-08-12,
Incendios Maui Havai,desastre_natural,Lāhainā_Jodo_Mission,False,,2,0,277.87,999,2023-08-11,
Incendios Maui Havai,desastre_natural,Pioneer_Inn,False,,3,3.9,2281.93,585.11,2020-04-05,
Incendios Maui Havai,desastre_natural,Baldwin_Home_Museum,False,,4,0.63,237.8,375.47,2009-07-11,
Incendios Maui Havai,desastre_natural,Lahaina_Historic_District,False,,5,7.47,2016.2,270.03,2008-06-20,
Incendios Maui Havai,desastre_natural,"Lahaina,_Hawaii",False,,6,192.07,37871.2,197.18,2002-10-18,
Incendios Maui Havai,desastre_natural,Maria_Lanakila_Catholic_Church,False,,7,8.1,1190.4,146.96,2005-04-28,
Incendios Maui Havai,desastre_natural,Banyan_tree_in_Lahaina,False,,10,88.1,8207.47,93.16,2014-11-17,
Incendios Maui Havai,desastre_natural,Lahaina_Banyan_Court_Park,False,,11,20.07,1657.27,82.59,2012-01-02,
Incendios Maui Havai,desastre_natural,Cloquet_fire,False,,12,61.27,3385.8,55.26,2006-08-18,
Incendios Maui Havai,desastre_natural,Lahaina_Cannery_Mall,False,,13,4.13,182.07,44.05,2008-01-29,
Incendios Maui Havai,desastre_natural,Jaime_Green,False,,14,77.3,3035.53,39.27,2023-06-26,
Incendios Maui Havai,desastre_natural,October_2017_Portugal_wildfires,False,,15,2.07,79.6,38.52,2017-10-17,
Incendios Maui Havai,desastre_natural,Naalehu,False,,16,1.17,34.2,29.31,2002-10-18,
Incendios Maui Havai,desastre_natural,Josh_Green_(politician),False,,17,496.07,12818.8,25.84,2013-12-05,
Incendios Maui Havai,desastre_natural,Lahaina_Civic_Center,False,,18,12.9,326.6,25.32,2005-11-22,
Incendios Maui Havai,desastre_natural,Maui,False,,19,1317.47,32102.2,24.37,2001-03-22,
Incendios Maui Havai,desastre_natural,Hawaii_Route_30,False,,20,18.73,363.53,19.41,2008-07-31,
Incendios Maui Havai,desastre_natural,Gradient_wind,False,,21,3.0,55.93,18.64,2007-04-20,
Incendios Maui Havai,desastre_natural,Lahainaluna_High_School,False,,22,20.0,354.67,17.73,2006-03-26,
Incendios Maui Havai,desastre_natural,"Kula,_Hawaii",False,,23,44.47,759.13,17.07,2003-09-07,
Incendios Maui Havai,desastre_natural,Hurricane_Dora_(2023),False,,24,103.83,1717.07,16.54,2023-08-05,
Incendios Maui Havai,desastre_natural,Dwight_Baldwin_(missionary),False,,25,13.9,228.4,16.43,2009-07-11,
Incendios Maui Havai,desastre_natural,Hawaiian_Electric_Industries,False,,27,78.33,1113.8,14.22,2007-04-25,
Incendios Maui Havai,desastre_natural,"Kaanapali,_Hawaii",False,,28,51.27,728.4,14.21,2002-10-18,
Incendios Maui Havai,desastre_natural,Anne_E._Lopez,False,,29,19.23,244.93,12.73,2023-04-05,
Incendios Maui Havai,desastre_natural,Hawaii_National_Guard,False,,30,19.67,245.93,12.51,2006-03-28,
Incendios Maui Havai,desastre_natural,Pacific_Disaster_Center,False,,31,5.47,66.53,12.17,2006-04-14,
Incendios Maui Havai,desastre_natural,Charlotte_Fowler_Baldwin,False,,33,2.93,30.07,10.25,2018-10-14,
Incendios Maui Havai,desastre_natural,Hawaii_Emergency_Management_Agency,False,,34,11.33,113.53,10.02,2017-08-15,
Incendios Maui Havai,desastre_natural,Camp_Fire_(2018),False,,35,773.13,6677.73,8.64,2018-11-09,
Incendios Maui Havai,desastre_natural,Directed-energy_weapon,False,,36,1679.07,13184.87,7.85,2004-02-03,
Incendios Maui Havai,desastre_natural,Kukaniloko_Birth_Site,False,,37,14.9,112.8,7.57,2009-01-31,
Incendios Maui Havai,desastre_natural,2023_Florida_wildfires,False,,38,10.37,77.4,7.47,2023-07-31,
Enchentes Rio Grande do Sul,desastre_natural,2024_Rio_Grande_do_Sul_floods,True,,0,0.0,4660.07,999,2024-05-04,2024-05-04
Enchentes Rio Grande do Sul,desastre_natural,2023_Rio_Grande_do_Sul_floods,False,,3,5.13,187.67,36.56,2023-09-06,
Enchentes Rio Grande do Sul,desastre_natural,Taquari_River_(Rio_Grande_do_Sul),False,,4,2.2,44.8,20.36,2009-08-12,
Enchentes Rio Grande do Sul,desastre_natural,Canoas,False,,5,59.6,894.0,15.0,2005-11-15,
Enchentes Rio Grande do Sul,desastre_natural,Eldorado_do_Sul,False,,6,5.47,81.27,14.87,2008-03-02,
Enchentes Rio Grande do Sul,desastre_natural,Guaíba_(water_body),False,,7,12.23,167.27,13.67,2007-01-22,
Enchentes Rio Grande do Sul,desastre_natural,Cotiporã,False,,9,2.9,21.73,7.49,2008-03-02,
Enchentes Rio Grande do Sul,desastre_natural,Rio_Grande_do_Sul,False,,10,595.5,4375.8,7.35,2003-07-01,
Enchentes Rio Grande do Sul,desastre_natural,Brazilian_offshore_patrol_vessel_Amazonas,False,,12,2.23,14.87,6.66,2021-05-02,
Enchentes Rio Grande do Sul,desastre_natural,Jairo_Jorge,False,,13,9.07,57.93,6.39,2024-04-02,
Enchentes Rio Grande do Sul,desastre_natural,Muçum,False,,14,4.9,29.67,6.05,2008-03-02,
Enchentes Rio Grande do Sul,desastre_natural,Eduardo_Leite,False,,15,61.67,361.73,5.87,2018-10-29,
Enchentes Rio Grande do Sul,desastre_natural,"Lajeado,_Rio_Grande_do_Sul",False,,16,12.97,71.87,5.54,2007-07-07,
Enchentes Rio Grande do Sul,desastre_natural,Leomar_Antônio_Brustolin,False,,17,1.6,8.47,5.29,2021-06-03,
Enchentes Rio Grande do Sul,desastre_natural,Salgado_Filho_Porto_Alegre_International_Airport,False,,18,47.8,236.87,4.96,2004-06-22,
Enchentes Rio Grande do Sul,desastre_natural,"Cruzeiro_do_Sul,_Rio_Grande_do_Sul",False,,19,2.9,13.13,4.53,2008-03-02,
Enchentes Rio Grande do Sul,desastre_natural,Gravataí_River,False,,20,3.1,13.53,4.37,2009-07-10,
Enchentes Rio Grande do Sul,desastre_natural,Porto_Alegre,False,,22,659.0,2737.13,4.15,2003-01-21,
Enchentes Rio Grande do Sul,desastre_natural,São_Sebastião_do_Caí,False,,23,3.87,16.0,4.14,2006-06-21,
Enchentes Rio Grande do Sul,desastre_natural,Ipira,False,,24,3.13,12.73,4.06,2009-12-17,
Enchentes Rio Grande do Sul,desastre_natural,"Estrela,_Rio_Grande_do_Sul",False,,25,5.9,20.87,3.54,2008-03-02,
Enchentes Rio Grande do Sul,desastre_natural,Military_Brigade_of_Rio_Grande_do_Sul,False,,26,7.4,23.6,3.19,2016-07-09,
Enchentes Rio Grande do Sul,desastre_natural,"Bento_Gonçalves,_Rio_Grande_do_Sul",False,,28,25.83,69.47,2.69,2005-08-27,
Enchentes Rio Grande do Sul,desastre_natural,Greater_Porto_Alegre,False,,29,33.47,89.13,2.66,2012-03-17,
Enchentes Rio Grande do Sul,desastre_natural,Treinta_y_Tres,False,,30,22.8,60.27,2.64,2005-06-07,
Enchentes Rio Grande do Sul,desastre_natural,Correio_do_Povo,False,,31,3.9,9.67,2.48,2006-05-03,
Enchentes Rio Grande do Sul,desastre_natural,São_Leopoldo,False,,32,41.9,99.93,2.39,2004-11-10,
Enchentes Rio Grande do Sul,desastre_natural,Environmentalism_in_Rio_Grande_do_Sul,False,,33,8.53,20.33,2.38,2023-03-17,
Enchentes Rio Grande do Sul,desastre_natural,Arroio_do_Meio,False,,35,8.83,19.53,2.21,2008-03-02,
Enchentes Rio Grande do Sul,desastre_natural,Porto_Alegre_Metro,False,,36,24.0,51.33,2.14,2007-12-02,
Enchentes Rio Grande do Sul,desastre_natural,National_Institute_of_Meteorology,False,,37,11.63,23.8,2.05,2016-10-27,
Enchentes Rio Grande do Sul,desastre_natural,Espírito_Santo,False,,38,285.63,585.93,2.05,2003-05-18,
Enchentes Rio Grande do Sul,desastre_natural,2024_Guangdong_floods,False,,39,76.97,142.93,1.86,2024-04-22,
Enchentes Rio Grande do Sul,desastre_natural,Federação_Gaúcha_de_Futebol,False,,40,7.13,13.2,1.85,2011-05-03,
Enchentes Rio Grande do Sul,desastre_natural,Block_(meteorology),False,,41,37.13,68.33,1.84,2006-01-31,
Enchentes Rio Grande do Sul,desastre_natural,2024_Brazil_floods,False,2024_Rio_Grande_do_Sul_floods,0,0.0,1161.4,999,2024-05-04,2024-05-04
Eleicao presidencial EUA,politico,2024_United_States_presidential_election,True,,0,141743.1,759407.0,5.36,2015-10-30,2024-10-06
Eleicao presidencial EUA,politico,2024_Hawaii_Amendment_1,False,,1,0,169.27,999,2024-11-09,
Eleicao presidencial EUA,politico,List_of_Donald_Trump_rallies_(December_2016–2022),False,,2,0,91.53,999,2017-03-19,
Eleicao presidencial EUA,politico,Second_presidential_transition_of_Donald_Trump,False,,3,0,10482.67,999,2016-11-09,
Eleicao presidencial EUA,politico,Wayne_Madsen_(journalist),False,,7,21.0,185.27,8.82,2005-08-09,
Eleicao presidencial EUA,politico,2024_United_States_presidential_election_in_Maryland,False,,8,460.33,3139.2,6.82,2021-04-25,
Eleicao presidencial EUA,politico,Governor_of_North_Dakota,False,,11,66.0,376.2,5.7,2003-06-26,
Eleicao presidencial EUA,politico,2024_United_States_presidential_election_in_South_Carolina,False,,12,572.83,2931.27,5.12,2021-04-25,
Eleicao presidencial EUA,politico,1984_United_States_presidential_election,False,,13,15108.53,77088.67,5.1,2002-02-25,
Eleicao presidencial EUA,politico,2028_Republican_National_Convention,False,,14,118.1,582.13,4.93,2023-07-09,
Eleicao presidencial EUA,politico,Age_and_health_concerns_about_Donald_Trump,False,,15,2470.43,10827.93,4.38,2018-07-20,
Eleicao presidencial EUA,politico,2000_United_States_presidential_election,False,,16,18990.6,83011.2,4.37,2001-11-04,
Eleicao presidencial EUA,politico,Consumer_debt,False,,17,41.53,177.8,4.28,2004-05-12,
Eleicao presidencial EUA,politico,United_States_Electoral_College,False,,18,24323.1,94890.47,3.9,2002-09-15,
Eleicao presidencial EUA,politico,List_of_United_States_presidential_election_results_by_state,False,,19,672.43,2617.87,3.89,2007-07-05,
Eleicao presidencial EUA,politico,1852_United_States_presidential_election,False,,20,1546.9,5447.47,3.52,2002-02-24,
Eleicao presidencial EUA,politico,Presidential_transition_of_Joe_Biden,False,,21,430.6,1504.8,3.49,2020-11-01,
Eleicao presidencial EUA,politico,1848_United_States_presidential_election,False,,22,1589.33,5475.07,3.44,2002-02-24,
Eleicao presidencial EUA,politico,1804_United_States_presidential_election,False,,23,1501.1,5080.6,3.38,2002-02-24,
Eleicao presidencial EUA,politico,2024_San_Francisco_mayoral_election,False,,24,1057.63,3426.2,3.24,2022-11-17,
Eleicao presidencial EUA,politico,United_States_presidential_elections_in_the_District_of_Columbia,False,,25,757.63,2396.8,3.16,2016-08-23,
Eleicao presidencial EUA,politico,KGW,False,,26,66.5,208.33,3.13,2005-02-25,
Eleicao presidencial EUA,politico,Tim_Scott,False,,27,1432.17,4315.73,3.01,2010-06-09,
Eleicao presidencial EUA,politico,2004_United_States_presidential_election_in_Nevada,False,,28,482.93,1447.53,3.0,2006-06-30,
Eleicao presidencial EUA,politico,Aging_of_the_United_States,False,,29,84.13,248.53,2.95,2021-07-05,
Eleicao presidencial EUA,politico,Never_Trump_movement,False,,30,717.6,2085.2,2.91,2016-03-17,
Eleicao presidencial EUA,politico,2024_California_elections,False,,31,544.83,1582.07,2.9,2022-06-09,
Eleicao presidencial EUA,politico,Jill_Stein,False,,32,18347.77,52240.13,2.85,2005-04-16,
Eleicao presidencial EUA,politico,Abortion_in_the_United_States,False,,33,1660.23,4738.07,2.85,2003-07-01,
Eleicao presidencial EUA,politico,Environmental_policy_of_the_Joe_Biden_administration,False,,34,163.93,465.47,2.84,2021-01-20,
Eleicao presidencial EUA,politico,2004_Democratic_Party_presidential_primaries,False,,35,529.67,1500.27,2.83,2003-09-16,
Eleicao presidencial EUA,politico,Democratic_Party_(United_States),False,,36,14753.37,41605.33,2.82,2001-10-11,
Eleicao presidencial EUA,politico,"King_County,_Texas",False,,37,152.13,429.47,2.82,2002-09-25,
Eleicao presidencial EUA,politico,United_States_presidential_elections_in_California,False,,38,719.27,2022.73,2.81,2016-08-23,
Eleicao presidencial EUA,politico,Marianne_Williamson,False,,39,1352.17,3741.73,2.77,2004-10-13,
Cupula G20 Rio,politico,2024_G20_Rio_de_Janeiro_summit,True,,0,2715.37,7866.47,2.9,2022-11-02,2024-10-19
Cupula G20 Rio,politico,Global_Alliance_Against_Hunger_and_Poverty,False,,3,16.77,118.33,7.06,2024-07-24,
Cupula G20 Rio,politico,International_Criminal_Court_arrest_warrants_for_Russian_figures,False,,4,589.73,1990.4,3.38,2023-03-17,
Cupula G20 Rio,politico,Omar_Paganini,False,,5,9.97,29.6,2.97,2021-09-22,
Cupula G20 Rio,politico,Rosângela_Lula_da_Silva,False,,6,556.1,1405.33,2.53,2022-05-19,
Cupula G20 Rio,politico,List_of_G20_summits,False,,7,823.37,2065.87,2.51,2009-03-27,
Cupula G20 Rio,politico,2012_G20_Los_Cabos_summit,False,,8,41.57,101.13,2.43,2011-02-14,
Cupula G20 Rio,politico,First_Lady_of_Brazil,False,,9,53.8,128.73,2.39,2008-11-30,
Cupula G20 Rio,politico,G20,False,,10,4393.13,10493.27,2.39,2005-07-10,
Cupula G20 Rio,politico,2013_G20_Saint_Petersburg_summit,False,,11,43.93,102.8,2.34,2012-06-10,
Cupula G20 Rio,politico,2011_G20_Cannes_summit,False,,12,35.37,82.53,2.33,2010-11-12,
Cupula G20 Rio,politico,Claudia_Sheinbaum,False,,14,9129.93,19681.0,2.16,2018-07-02,
Cupula G20 Rio,politico,2015_G20_Antalya_summit,False,,15,54.87,117.67,2.14,2011-11-28,
Cupula G20 Rio,politico,2009_G20_London_summit,False,,16,54.5,113.4,2.08,2009-02-28,
Cupula G20 Rio,politico,2014_G20_Brisbane_summit,False,,17,62.4,124.67,2.0,2011-11-05,
Cupula G20 Rio,politico,2016_G20_Hangzhou_summit,False,,18,70.8,141.6,2.0,2015-03-14,
Cupula G20 Rio,politico,2010_G20_Seoul_summit,False,,19,48.5,95.27,1.96,2010-06-18,
Cupula G20 Rio,politico,Javier_Milei,False,,20,6660.43,13016.93,1.95,2018-02-16,
Cupula G20 Rio,politico,2010_G20_Toronto_summit,False,,21,66.1,127.53,1.93,2010-05-10,
Cupula G20 Rio,politico,2018_G20_Buenos_Aires_summit,False,,22,93.47,178.4,1.91,2015-11-14,
Cupula G20 Rio,politico,2020_G20_Riyadh_summit,False,,23,111.37,211.8,1.9,2017-07-12,
Cupula G20 Rio,politico,2021_G20_Rome_summit,False,,24,149.87,276.27,1.84,2020-12-07,
Cupula G20 Rio,politico,2017_G20_Hamburg_summit,False,,25,90.97,166.33,1.83,2016-09-05,
Cupula G20 Rio,politico,2009_G20_Pittsburgh_summit,False,,26,67.27,122.2,1.82,2009-04-08,
Cupula G20 Rio,politico,2022_G20_Bali_summit,False,,28,247.5,435.2,1.76,2021-03-14,
Cupula G20 Rio,politico,2023_G20_New_Delhi_summit,False,,29,647.0,1138.33,1.76,2022-10-29,
Cupula G20 Rio,politico,Second_Cold_War,False,,30,864.07,1501.8,1.74,2014-08-07,
Cupula G20 Rio,politico,"Museum_of_Modern_Art,_Rio_de_Janeiro",False,,31,132.13,223.93,1.69,2011-05-21,
Cupula G20 Rio,politico,2008_G20_Washington_summit,False,,32,61.9,102.6,1.66,2007-09-29,
Cupula G20 Rio,politico,Ngozi_Okonjo-Iweala,False,,33,525.1,858.33,1.63,2005-11-11,
Cupula G20 Rio,politico,President_of_the_European_Council,False,,34,429.43,698.73,1.63,2003-11-09,
Cupula G20 Rio,politico,2019_G20_Osaka_summit,False,,35,129.57,206.2,1.59,2017-07-12,
Cupula G20 Rio,politico,2020_extraordinary_G20_summit_on_COVID-19,False,,36,7.1,10.6,1.49,2020-06-26,
Cupula G20 Rio,politico,Tedros_Adhanom_Ghebreyesus,False,,38,543.6,810.2,1.49,2013-06-18,
Cupula G20 Rio,politico,Sergio_Díaz-Granados_Guida,False,,39,11.57,16.4,1.42,2010-10-21,
COP30 Belem,politico,2025_United_Nations_Climate_Change_Conference,True,,0,1708.8,5214.53,3.05,2023-11-05,2025-10-11
COP30 Belem,politico,2026_United_Nations_Climate_Change_Conference,False,,1,2.57,192.13,74.86,2023-11-05,
COP30 Belem,politico,Climate_Coalition_(COP30_proposal),False,,2,5.83,36.8,6.31,2025-10-07,
COP30 Belem,politico,Igor_Normando,False,,4,14.07,52.4,3.73,2025-04-05,
COP30 Belem,politico,Tropical_Forest_Forever_Facility,False,,5,82.33,261.6,3.18,2025-04-01,
COP30 Belem,politico,Avenida_Liberdade_(Brazil_highway),False,,6,72.03,213.4,2.96,2025-03-24,
COP30 Belem,politico,United_Nations_Climate_Change_Conference,False,,9,797.33,2103.33,2.64,2013-03-08,
COP30 Belem,politico,Helder_Barbalho,False,,10,36.37,90.27,2.48,2017-03-24,
COP30 Belem,politico,2003_United_Nations_Climate_Change_Conference,False,,11,11.33,26.4,2.33,2013-02-11,
COP30 Belem,politico,Belém,False,,13,1008.53,2250.2,2.23,2003-12-20,
COP30 Belem,politico,2013_United_Nations_Climate_Change_Conference,False,,14,26.77,56.27,2.1,2013-02-20,
COP30 Belem,politico,TABA_–_Transportes_Aéreos_da_Bacia_Amazônica,False,,15,3.97,8.13,2.05,2010-06-10,
COP30 Belem,politico,2008_United_Nations_Climate_Change_Conference,False,,16,14.5,29.47,2.03,2008-10-15,
COP30 Belem,politico,2004_United_Nations_Climate_Change_Conference,False,,18,13.33,26.33,1.97,2013-02-11,
COP30 Belem,politico,2005_United_Nations_Climate_Change_Conference,False,,19,18.37,36.07,1.96,2005-12-03,
COP30 Belem,politico,1998_United_Nations_Climate_Change_Conference,False,,20,8.57,16.6,1.94,2013-02-11,
COP30 Belem,politico,2016_United_Nations_Climate_Change_Conference,False,,21,32.8,62.33,1.9,2015-12-13,
COP30 Belem,politico,Climate_change_in_Australia,False,,22,85.5,161.47,1.89,2007-11-20,
COP30 Belem,politico,Protásio_de_Oliveira_Airport,False,,23,7.5,14.2,1.89,2011-03-29,
COP30 Belem,politico,2014_United_Nations_Climate_Change_Conference,False,,25,49.87,92.13,1.85,2014-01-30,
COP30 Belem,politico,2012_United_Nations_Climate_Change_Conference,False,,27,29.37,53.07,1.81,2012-05-07,
COP30 Belem,politico,2017_United_Nations_Climate_Change_Conference,False,,28,44.83,81.13,1.81,2017-11-14,
COP30 Belem,politico,Carsten_Schneider,False,,29,42.17,75.87,1.8,2013-06-17,
COP30 Belem,politico,U.S._Special_Presidential_Envoy_for_Climate,False,,30,80.63,144.47,1.79,2020-11-26,
COP30 Belem,politico,2018_United_Nations_Climate_Change_Conference,False,,32,51.53,90.0,1.75,2018-11-27,
COP30 Belem,politico,2002_United_Nations_Climate_Change_Conference,False,,33,22.13,38.4,1.73,2013-02-11,
COP30 Belem,politico,Pará,False,,34,403.13,697.47,1.73,2003-05-19,
COP30 Belem,politico,2022_United_Nations_Climate_Change_Conference,False,,35,141.73,242.47,1.71,2020-06-05,
COP30 Belem,politico,2015_United_Nations_Climate_Change_Conference,False,,37,137.87,226.27,1.64,2014-01-30,
COP30 Belem,politico,2001_United_Nations_Climate_Change_Conference,False,,38,20.77,33.87,1.63,2013-02-11,
COP30 Belem,politico,Tupinambá_people,False,,39,91.8,150.07,1.63,2004-09-17,
COP30 Belem,politico,2006_United_Nations_Climate_Change_Conference,False,,40,19.77,32.0,1.62,2013-02-11,
COP30 Belem,politico,2007_United_Nations_Climate_Change_Conference,False,,41,25.57,40.53,1.59,2007-08-03,
COP30 Belem,politico,Josep_Piñol_Curto,False,,43,10.83,16.6,1.53,2025-06-22,
COP30 Belem,politico,Carbon_tariff,False,,44,14.43,21.93,1.52,2015-07-10,
COP30 Belem,politico,COP30,False,2025_United_Nations_Climate_Change_Conference,0,28.7,102.4,3.57,2023-11-05,2025-10-11
Eleicao presidencial Brasil,politico,2022_Brazilian_general_election,True,,0,52812.03,55149.73,1.04,2019-07-02,2022-09-30
Eleicao presidencial Brasil,politico,Two-round_system,False,,2,508.0,3608.0,7.1,2001-09-16,
Eleicao presidencial Brasil,politico,Ali_Alexander,False,,3,176.63,1009.73,5.72,2021-01-11,
Eleicao presidencial Brasil,politico,Marcelo_Castro,False,,4,5.97,32.53,5.45,2016-04-11,
Eleicao presidencial Brasil,politico,Federal_Highway_Police_(Brazil),False,,6,29.77,154.6,5.19,2007-12-01,
Eleicao presidencial Brasil,politico,Election_recount,False,,8,35.7,145.53,4.08,2007-03-16,
Eleicao presidencial Brasil,politico,Superior_Electoral_Court,False,,9,79.8,307.13,3.85,2006-04-02,
Eleicao presidencial Brasil,politico,57th_Legislature_of_the_National_Congress,False,,10,24.5,88.6,3.62,2022-10-07,
Eleicao presidencial Brasil,politico,Jair_Bolsonaro,False,,11,10120.13,35201.27,3.48,2015-05-04,
Eleicao presidencial Brasil,politico,Sergio_Moro,False,,12,406.37,1411.87,3.47,2016-01-06,
Eleicao presidencial Brasil,politico,Marcelo_Rebelo_de_Sousa,False,,13,465.73,1578.27,3.39,2005-03-26,
Eleicao presidencial Brasil,politico,Dilma_Rousseff,False,,14,2200.77,7238.93,3.29,2006-11-17,
Eleicao presidencial Brasil,politico,Solidarity_(Brazil),False,,16,59.5,189.13,3.18,2016-11-23,
Eleicao presidencial Brasil,politico,Flávio_Dino,False,,17,26.37,82.0,3.11,2015-11-05,
Eleicao presidencial Brasil,politico,Eduardo_Leite,False,,18,130.53,400.67,3.07,2018-10-29,
Eleicao presidencial Brasil,politico,Michel_Temer,False,,19,1393.53,4264.6,3.06,2009-03-26,
Eleicao presidencial Brasil,politico,Walter_Braga_Netto,False,,20,418.37,1254.53,3.0,2020-02-13,
Eleicao presidencial Brasil,politico,Army_High_Command,False,,21,6.4,18.93,2.96,2021-07-20,
Eleicao presidencial Brasil,politico,Gettr,False,,22,765.73,2248.4,2.94,2021-07-01,
Eleicao presidencial Brasil,politico,1974_Brazilian_presidential_election,False,,23,99.53,277.0,2.78,2013-08-02,
Eleicao presidencial Brasil,politico,1964_Brazilian_presidential_election,False,,24,78.07,212.4,2.72,2014-01-21,
Eleicao presidencial Brasil,politico,1969_Brazilian_presidential_election,False,,25,83.1,223.0,2.68,2013-08-02,
Eleicao presidencial Brasil,politico,1998_Brazilian_general_election,False,,26,594.4,1578.87,2.66,2006-10-04,
Eleicao presidencial Brasil,politico,1960_Brazilian_presidential_election,False,,27,83.1,213.4,2.57,2011-12-03,
Eleicao presidencial Brasil,politico,Marcos_Cintra,False,,28,25.8,64.47,2.5,2022-08-05,
Eleicao presidencial Brasil,politico,1898_Brazilian_presidential_election,False,,30,18.97,46.6,2.46,2009-07-31,
Eleicao presidencial Brasil,politico,2002_Brazilian_general_election,False,,31,1033.27,2544.13,2.46,2006-10-03,
Eleicao presidencial Brasil,politico,1902_Brazilian_presidential_election,False,,32,19.33,47.33,2.45,2009-07-31,
Eleicao presidencial Brasil,politico,Douglas_Garcia,False,,33,3.83,9.4,2.45,2022-06-23,
Eleicao presidencial Brasil,politico,1930_Brazilian_general_election,False,,34,43.4,106.27,2.45,2009-07-31,
Eleicao presidencial Brasil,politico,1914_Brazilian_presidential_election,False,,35,20.0,48.8,2.44,2009-07-31,
Eleicao presidencial Brasil,politico,1918_Brazilian_general_election,False,,36,23.0,55.53,2.41,2009-07-31,
Eleicao presidencial Brasil,politico,1906_Brazilian_presidential_election,False,,37,19.5,46.6,2.39,2009-07-31,
Eleicao presidencial Brasil,politico,1964_Brazilian_coup_d'état,False,,38,444.2,1061.33,2.39,2006-07-23,
Eleicao presidencial Brasil,politico,Military_dictatorship_in_Brazil,False,,39,591.97,1412.67,2.39,2004-08-20,
Eleicao geral India,politico,2024_Indian_general_election,True,,0,174866.53,238438.73,1.36,2016-12-02,2024-05-05
Eleicao geral India,politico,Rani_Srikumar,False,,1,0,52.47,999,2024-06-05,
Eleicao geral India,politico,Sanatan_Pandey,False,,2,0,199.73,999,2024-06-05,
Eleicao geral India,politico,Malvika_Devi,False,,3,0,178.13,999,2024-06-05,
Eleicao geral India,politico,Patel_Umeshbhai_Babubhai,False,,4,0,565.67,999,2024-06-05,
Eleicao geral India,politico,Lata_Wankhede,False,,5,0,74.73,999,2024-06-05,
Eleicao geral India,politico,Sukanta_Kumar_Panigrahi,False,,6,0,98.4,999,2024-06-05,
Eleicao geral India,politico,Vamsi_Krishna_Gaddam,False,,7,0,102.33,999,2024-06-04,
Eleicao geral India,politico,Bachhav_Shobha_Dinesh,False,,8,0,311.47,999,2024-06-04,
Eleicao geral India,politico,Appalanaidu_Kalisetti,False,,9,0,345.13,999,2024-06-04,
Eleicao geral India,politico,Ummeda_Ram_Beniwal,False,,10,1.0,763.87,763.87,2024-06-04,
Eleicao geral India,politico,Ajay_Tamta,False,,11,45.3,1171.4,25.86,2014-04-22,
Eleicao geral India,politico,Raksha_Khadse,False,,12,292.87,7480.6,25.54,2014-05-18,
Eleicao geral India,politico,L._Murugan,False,,13,157.17,3518.13,22.38,2021-07-07,
Eleicao geral India,politico,Jual_Oram,False,,14,169.73,3179.53,18.73,2006-09-23,
Eleicao geral India,politico,Amra_Ram,False,,15,73.47,1188.8,16.18,2017-09-22,
Eleicao geral India,politico,Bhupender_Yadav,False,,16,211.9,3008.73,14.2,2013-10-23,
Eleicao geral India,politico,Virudhunagar_Lok_Sabha_constituency,False,,17,117.33,1487.0,12.67,2009-08-18,
Eleicao geral India,politico,Shivraj_Singh_Chouhan,False,,18,843.87,10524.27,12.47,2005-11-30,
Eleicao geral India,politico,Alfred_Kan-Ngam_Arthur,False,,19,37.23,459.67,12.35,2019-11-29,
Eleicao geral India,politico,Kiren_Rijiju,False,,20,398.13,4860.6,12.21,2006-03-01,
Eleicao geral India,politico,18th_Lok_Sabha,False,,21,794.0,9148.07,11.52,2022-09-26,
Eleicao geral India,politico,S._Supongmeren_Jamir,False,,22,35.13,386.47,11.0,2023-04-15,
Eleicao geral India,politico,Kani_K._Navas,False,,23,58.7,623.2,10.62,2019-05-24,
Eleicao geral India,politico,List_of_members_of_the_18th_Lok_Sabha,False,,24,1176.47,9971.67,8.48,2023-09-04,
Eleicao geral India,politico,Pankaj_Chaudhary,False,,25,188.87,1492.53,7.9,2006-09-22,
Eleicao geral India,politico,Amar_Sharadrao_Kale,False,,26,44.2,336.53,7.61,2014-11-04,
Eleicao geral India,politico,Rashtriya_Loktantrik_Party,False,,27,373.33,2769.07,7.42,2007-12-28,
Eleicao geral India,politico,Hindustan_Times,False,,28,759.23,5622.93,7.41,2005-04-04,
Eleicao geral India,politico,K._Gopinath,False,,29,21.1,133.27,6.32,2009-10-31,
Eleicao geral India,politico,Sangeeta_Kumari_Singh_Deo,False,,30,172.9,1078.2,6.24,2006-09-23,
Eleicao geral India,politico,Kannur_Lok_Sabha_constituency,False,,31,159.9,943.27,5.9,2008-07-23,
Eleicao geral India,politico,Dean_Kuriakose,False,,32,43.8,246.33,5.62,2019-05-23,
Eleicao geral India,politico,List_of_National_Democratic_Alliance_candidates_in_the_2024_Indian_general_election,False,,33,6081.8,33613.53,5.53,2023-07-28,
Eleicao geral India,politico,YSR_Congress_Party,False,,34,4367.77,23710.93,5.43,2011-03-02,
COP28 Dubai,politico,2023_United_Nations_Climate_Change_Conference,True,,0,2236.57,12256.0,5.48,2021-11-16,2023-10-31
COP28 Dubai,politico,Sultan_Al_Jaber,False,,1,684.7,5625.13,8.22,2013-02-01,
COP28 Dubai,politico,2024_United_Nations_Climate_Change_Conference,False,,2,89.1,614.47,6.9,2023-03-21,
COP28 Dubai,politico,Licypriya_Kangujam,False,,3,115.13,662.2,5.75,2019-10-16,
COP28 Dubai,politico,2002_United_Nations_Climate_Change_Conference,False,,4,15.33,81.93,5.34,2013-02-11,
COP28 Dubai,politico,Global_Faith_Leaders_COP28_Summit,False,,5,47.93,217.53,4.54,2023-11-08,
COP28 Dubai,politico,2003_United_Nations_Climate_Change_Conference,False,,6,10.37,46.67,4.5,2013-02-11,
COP28 Dubai,politico,United_Nations_Climate_Change_conference,False,,8,1012.93,4419.07,4.36,2013-03-08,
COP28 Dubai,politico,2004_United_Nations_Climate_Change_Conference,False,,9,11.7,43.6,3.73,2013-02-11,
COP28 Dubai,politico,2006_United_Nations_Climate_Change_Conference,False,,10,13.5,47.53,3.52,2013-02-11,
COP28 Dubai,politico,2016_United_Nations_Climate_Change_Conference,False,,11,45.67,145.4,3.18,2015-12-13,
COP28 Dubai,politico,2014_United_Nations_Climate_Change_Conference,False,,12,32.73,102.53,3.13,2014-01-30,
COP28 Dubai,politico,2019_United_Nations_Climate_Change_Conference,False,,13,87.33,273.27,3.13,2019-02-25,
COP28 Dubai,politico,2001_United_Nations_Climate_Change_Conference,False,,14,15.23,47.6,3.12,2013-02-11,
COP28 Dubai,politico,2008_United_Nations_Climate_Change_Conference,False,,16,20.3,61.47,3.03,2008-10-15,
COP28 Dubai,politico,Haitham_al-Ghais,False,,17,54.57,158.73,2.91,2022-07-21,
COP28 Dubai,politico,2013_United_Nations_Climate_Change_Conference,False,,18,29.67,86.0,2.9,2013-02-20,
COP28 Dubai,politico,2018_United_Nations_Climate_Change_Conference,False,,19,84.27,234.07,2.78,2018-11-27,
COP28 Dubai,politico,2007_United_Nations_Climate_Change_Conference,False,,20,25.5,69.73,2.73,2007-08-03,
COP28 Dubai,politico,2022_United_Nations_Climate_Change_Conference,False,,21,405.87,1078.07,2.66,2020-06-05,
COP28 Dubai,politico,2011_United_Nations_Climate_Change_Conference,False,,22,35.9,94.27,2.63,2011-02-07,
COP28 Dubai,politico,2010_United_Nations_Climate_Change_Conference,False,,23,45.17,116.53,2.58,2009-12-28,
COP28 Dubai,politico,2012_United_Nations_Climate_Change_Conference,False,,24,41.73,107.4,2.57,2012-05-07,
COP28 Dubai,politico,Global_stocktake,False,,25,65.1,166.33,2.56,2020-01-22,
COP28 Dubai,politico,Masdar,False,,26,242.5,565.2,2.33,2006-05-10,
COP28 Dubai,politico,United_Nations_Framework_Convention_on_Climate_Change,False,,27,1090.0,2530.6,2.32,2001-08-04,
COP28 Dubai,politico,1998_United_Nations_Climate_Change_Conference,False,,28,7.07,16.33,2.31,2013-02-11,
COP28 Dubai,politico,Fossil_fuel_phase-out,False,,29,185.0,413.6,2.24,2007-08-09,
COP28 Dubai,politico,Fatih_Birol,False,,30,74.63,165.53,2.22,2008-01-05,
COP28 Dubai,politico,Climate_change,False,,31,5064.63,10601.53,2.09,2001-10-30,
COP28 Dubai,politico,Kyoto_Protocol,False,,32,1417.53,2854.2,2.01,2001-11-11,
COP28 Dubai,politico,2021_United_Nations_Climate_Change_Conference,False,,33,368.7,737.53,2.0,2019-02-25,
COP28 Dubai,politico,2015_United_Nations_Climate_Change_Conference,False,,34,201.4,391.67,1.94,2014-01-30,
COP28 Dubai,politico,Xie_Zhenhua_(politician),False,,35,46.53,90.47,1.94,2009-08-21,
COP28 Dubai,politico,Alliance_of_Small_Island_States,False,,36,116.57,222.27,1.91,2005-06-20,
COP28 Dubai,politico,COP28,False,2023_United_Nations_Climate_Change_Conference,0,48.63,304.0,6.25,2021-11-16,2023-10-31
Cupula G20 Nova Delhi,politico,2023_G20_New_Delhi_summit,True,,0,18417.93,33644.93,1.83,2022-10-29,2023-08-10
Cupula G20 Nova Delhi,politico,Bharat_Mandapam,False,,1,0,3728.87,999,2006-10-26,
Cupula G20 Nova Delhi,politico,Global_Biofuel_Alliance,False,,2,0,233.27,999,2023-09-10,
Cupula G20 Nova Delhi,politico,India-Middle_East-Europe_Economic_Corridor,False,,3,0,2414.2,999,2023-09-10,
Cupula G20 Nova Delhi,politico,Giorgia_Meloni,False,,4,4989.23,49420.6,9.91,2010-10-17,
Cupula G20 Nova Delhi,politico,Prime_Minister_of_Italy,False,,5,944.93,7133.47,7.55,2003-07-20,
Cupula G20 Nova Delhi,politico,Secretariat_of_Economy,False,,6,19.37,113.0,5.83,2005-10-07,
Cupula G20 Nova Delhi,politico,Ajay_Banga,False,,7,1390.27,7204.4,5.18,2009-11-16,
Cupula G20 Nova Delhi,politico,Azali_Assoumani,False,,8,343.8,1681.27,4.89,2003-12-07,
Cupula G20 Nova Delhi,politico,Deputy_Prime_Minister_of_Spain,False,,9,50.87,237.2,4.66,2004-12-17,
Cupula G20 Nova Delhi,politico,African_Union,False,,10,2682.2,11201.4,4.18,2002-07-08,
Cupula G20 Nova Delhi,politico,2009_G20_Pittsburgh_summit,False,,12,86.4,283.27,3.28,2009-04-08,
Cupula G20 Nova Delhi,politico,Deputy_Prime_Minister_of_Oman,False,,13,11.63,37.47,3.22,2023-07-15,
Cupula G20 Nova Delhi,politico,Justin_Trudeau,False,,14,10720.03,33712.73,3.14,2004-02-02,
Cupula G20 Nova Delhi,politico,2024_G20_Rio_de_Janeiro_summit,False,,15,1001.37,3118.73,3.11,2022-11-02,
Cupula G20 Nova Delhi,politico,Prime_Minister_of_Mauritius,False,,16,114.63,341.13,2.98,2005-05-12,
Cupula G20 Nova Delhi,politico,Pravind_Jugnauth,False,,17,823.4,2385.0,2.9,2008-12-18,
Cupula G20 Nova Delhi,politico,2008_G20_Washington_summit,False,,19,129.87,364.6,2.81,2007-09-29,
Cupula G20 Nova Delhi,politico,Ursula_von_der_Leyen,False,,20,1687.13,4700.47,2.79,2005-10-25,
Cupula G20 Nova Delhi,politico,2016_G20_Hangzhou_summit,False,,21,152.67,424.8,2.78,2015-03-14,
Cupula G20 Nova Delhi,politico,Rishi_Sunak,False,,22,15204.93,40899.53,2.69,2015-05-06,
Cupula G20 Nova Delhi,politico,G20,False,,23,36143.7,92958.4,2.57,2005-07-10,
Cupula G20 Nova Delhi,politico,List_of_G20_summits,False,,24,4334.77,11116.73,2.56,2009-03-27,
Cupula G20 Nova Delhi,politico,Kristalina_Georgieva,False,,25,558.77,1397.13,2.5,2010-01-19,
Cupula G20 Nova Delhi,politico,2012_G20_Los_Cabos_summit,False,,26,76.27,189.4,2.48,2011-02-14,
Cupula G20 Nova Delhi,politico,2013_G20_Saint_Petersburg_summit,False,,27,90.77,223.0,2.46,2012-06-10,
Cupula G20 Nova Delhi,politico,2015_G20_Antalya_summit,False,,28,106.3,253.93,2.39,2011-11-28,
Cupula G20 Nova Delhi,politico,2009_G20_London_summit,False,,29,151.03,355.8,2.36,2009-02-28,
Cupula G20 Nova Delhi,politico,2010_G20_Toronto_summit,False,,30,97.0,226.0,2.33,2010-05-10,
Cupula G20 Nova Delhi,politico,2011_G20_Cannes_summit,False,,31,72.27,168.6,2.33,2010-11-12,
Cupula G20 Nova Delhi,politico,2018_G20_Buenos_Aires_summit,False,,33,157.73,360.2,2.28,2015-11-14,
Cupula G20 Nova Delhi,politico,2020_G20_Riyadh_summit,False,,34,250.77,567.93,2.26,2017-07-12,
Cupula G20 Nova Delhi,politico,2019_G20_Osaka_summit,False,,35,221.53,488.8,2.21,2017-07-12,
Cupula G20 Nova Delhi,politico,2021_G20_Rome_summit,False,,36,432.37,953.6,2.21,2020-12-07,
Cupula G20 Nova Delhi,politico,2010_G20_Seoul_summit,False,,37,84.87,186.07,2.19,2010-06-18,
Eleicao presidencial Mexico,politico,2024_Mexican_general_election,True,,0,6232.73,41492.67,6.66,2022-07-14,2024-05-03
Eleicao presidencial Mexico,politico,2024_Mexican_Chamber_of_Deputies_election,False,,1,6.97,1325.93,190.33,2024-06-01,
Eleicao presidencial Mexico,politico,Mario_Delgado_(politician),False,,2,4.8,139.33,29.03,2013-09-01,
Eleicao presidencial Mexico,politico,X_(social_network),False,,3,158.57,3584.07,22.6,2007-02-12,
Eleicao presidencial Mexico,politico,Morena_(political_party),False,,5,2045.23,18431.13,9.01,2014-01-25,
Eleicao presidencial Mexico,politico,President_of_Mexico,False,,6,948.8,7598.27,8.01,2003-07-20,
Eleicao presidencial Mexico,politico,List_of_heads_of_government_of_Mexico_City,False,,7,56.33,404.73,7.18,2005-04-07,
Eleicao presidencial Mexico,politico,Party_of_the_Democratic_Revolution,False,,8,709.27,4800.2,6.77,2003-12-10,
Eleicao presidencial Mexico,politico,Marcelo_Ebrard,False,,9,254.07,1627.33,6.41,2005-09-16,
Eleicao presidencial Mexico,politico,Coyomeapan,False,,10,3.13,19.93,6.36,2010-01-04,
Eleicao presidencial Mexico,politico,Andrés_Manuel_López_Obrador,False,,11,3160.77,19677.8,6.23,2004-06-12,
Eleicao presidencial Mexico,politico,2018_Mexican_general_election,False,,12,1128.0,6988.8,6.2,2013-08-19,
Eleicao presidencial Mexico,politico,Tlalpan,False,,13,154.53,919.47,5.95,2003-12-20,
Eleicao presidencial Mexico,politico,2012_Mexican_general_election,False,,14,473.0,2667.93,5.64,2011-06-14,
Eleicao presidencial Mexico,politico,2006_Mexican_general_election,False,,15,355.5,1842.67,5.18,2005-06-16,
Eleicao presidencial Mexico,politico,Labor_Party_(Mexico),False,,18,367.1,1811.2,4.93,2004-12-01,
Eleicao presidencial Mexico,politico,2021_Mexican_legislative_election,False,,19,148.4,724.8,4.88,2018-07-12,
Eleicao presidencial Mexico,politico,1976_Mexican_general_election,False,,20,78.23,381.13,4.87,2011-08-11,
Eleicao presidencial Mexico,politico,Jesús_Zambrano_Grijalva,False,,21,44.97,213.53,4.75,2014-12-12,
Eleicao presidencial Mexico,politico,1970_Mexican_general_election,False,,22,63.53,297.4,4.68,2009-11-19,
Eleicao presidencial Mexico,politico,2000_Mexican_general_election,False,,24,309.0,1411.27,4.57,2004-05-22,
Eleicao presidencial Mexico,politico,1991_Mexican_legislative_election,False,,25,7.27,32.53,4.48,2006-12-18,
Eleicao presidencial Mexico,politico,1994_Mexican_general_election,False,,26,204.4,913.07,4.47,2006-11-06,
Eleicao presidencial Mexico,politico,Social_Encounter_Party,False,,27,103.43,458.73,4.44,2015-02-03,
Eleicao presidencial Mexico,politico,1964_Mexican_general_election,False,,29,53.13,233.73,4.4,2009-11-18,
Eleicao presidencial Mexico,politico,History_of_the_Jews_in_Mexico,False,,30,240.93,1045.27,4.34,2006-02-12,
Eleicao presidencial Mexico,politico,Gerardo_Fernández_Noroña,False,,31,64.47,278.87,4.33,2014-12-02,
Eleicao presidencial Mexico,politico,Mexico_City_Metro_overpass_collapse,False,,32,92.8,388.8,4.19,2021-05-04,
Eleicao presidencial Mexico,politico,1946_Mexican_general_election,False,,33,41.7,171.13,4.1,2009-11-12,
Eleicao presidencial Mexico,politico,Marko_Antonio_Cortés_Mendoza,False,,34,65.47,265.93,4.06,2007-01-26,
Eleicao presidencial Mexico,politico,2015_Mexican_legislative_election,False,,35,19.93,80.67,4.05,2013-08-19,
Eleicao presidencial Mexico,politico,Nayib_Bukele,False,,36,5392.67,21779.33,4.04,2015-04-19,
Eleicao presidencial Mexico,politico,Juntos_Hacemos_Historia,False,,37,144.5,577.33,4.0,2021-01-21,
Eleicao presidencial Mexico,politico,1928_Mexican_general_election,False,,38,34.97,132.6,3.79,2011-08-08,
Eleicao presidencial Mexico,politico,Xóchitl_Gálvez,False,,39,2118.7,7943.27,3.75,2021-09-16,
Rainha Elizabeth II,morte_figura_publica,Death_and_state_funeral_of_Elizabeth_II,True,,0,0.0,74545.0,999,2022-09-08,2022-09-08
Rainha Elizabeth II,morte_figura_publica,King's_Official_Birthday,False,,1,0.5,4075.53,8151.07,2004-05-27,
Rainha Elizabeth II,morte_figura_publica,Queen_Camilla_(novel),False,,2,0.27,659.13,2471.75,2007-11-14,
Rainha Elizabeth II,morte_figura_publica,Proclamation_of_accession_of_Charles_III,False,,4,0,7486.67,999,2022-09-08,
Rainha Elizabeth II,morte_figura_publica,"Shaw_Farm,_Windsor",False,,5,0,643.73,999,2022-09-16,
Rainha Elizabeth II,morte_figura_publica,Coronation_of_Charles_III_and_Camilla,False,,6,0,19539.2,999,2022-09-08,
Rainha Elizabeth II,morte_figura_publica,Royal_Company_of_Archers,False,,7,69.07,13154.53,190.46,2004-09-05,
Rainha Elizabeth II,morte_figura_publica,Vigil_of_the_Princes,False,,8,87.4,14371.87,164.44,2005-07-31,
Rainha Elizabeth II,morte_figura_publica,Accession_Council,False,,9,56.47,8978.87,159.01,2003-12-13,
Rainha Elizabeth II,morte_figura_publica,Honourable_Corps_of_Gentlemen_at_Arms,False,,10,40.37,6153.93,152.45,2004-09-05,
Rainha Elizabeth II,morte_figura_publica,State_funeral_of_Queen_Victoria,False,,11,63.17,7180.27,113.67,2016-11-30,
Rainha Elizabeth II,morte_figura_publica,"Sophie,_Countess_of_Wessex",False,,13,1125.83,72160.87,64.1,2002-10-22,
Rainha Elizabeth II,morte_figura_publica,Iain_Greenshields,False,,14,11.37,713.67,62.79,2022-06-20,
Rainha Elizabeth II,morte_figura_publica,Zara_Tindall,False,,15,1533.87,95194.67,62.06,2003-03-14,
Rainha Elizabeth II,morte_figura_publica,"Anne,_Princess_Royal",False,,16,5818.7,319994.73,54.99,2002-04-03,
Rainha Elizabeth II,morte_figura_publica,David_Conner_(bishop),False,,17,25.63,1371.47,53.5,2004-06-03,
Rainha Elizabeth II,morte_figura_publica,Garter_Principal_King_of_Arms,False,,18,55.3,2835.0,51.27,2006-01-13,
Rainha Elizabeth II,morte_figura_publica,Dorgi,False,,19,126.13,6371.93,50.52,2007-11-25,
Rainha Elizabeth II,morte_figura_publica,Ceremony_of_the_Keys_(Edinburgh),False,,20,7.27,334.13,45.98,2017-11-17,
Rainha Elizabeth II,morte_figura_publica,Princess_Beatrice,False,,21,1527.53,64156.53,42.0,2003-02-01,
Rainha Elizabeth II,morte_figura_publica,"David_Armstrong-Jones,_2nd_Earl_of_Snowdon",False,,22,1462.5,58663.33,40.11,2008-05-03,
Rainha Elizabeth II,morte_figura_publica,Holyrood_Palace,False,,23,524.33,20856.93,39.78,2002-08-19,
Rainha Elizabeth II,morte_figura_publica,Matthew_Jorysz,False,,24,2.87,113.53,39.6,2015-08-21,
Rainha Elizabeth II,morte_figura_publica,Catafalque,False,,25,147.23,5768.33,39.18,2004-06-09,
Rainha Elizabeth II,morte_figura_publica,Mountbatten-Windsor,False,,27,486.3,17443.93,35.87,2003-01-22,
Rainha Elizabeth II,morte_figura_publica,Jessie_Seymour_Irvine,False,,28,14.4,492.13,34.18,2008-04-08,
Rainha Elizabeth II,morte_figura_publica,"Prince_Richard,_Duke_of_Gloucester",False,,29,1253.5,38955.73,31.08,2003-02-13,
Rainha Elizabeth II,morte_figura_publica,Blaenwern,False,,30,11.23,310.93,27.68,2006-01-24,
Rainha Elizabeth II,morte_figura_publica,Birkhall,False,,31,255.5,6964.73,27.26,2006-01-18,
Rainha Elizabeth II,morte_figura_publica,Queen_of_the_Gambia,False,,32,68.2,1814.13,26.6,2012-12-16,
Rainha Elizabeth II,morte_figura_publica,Earl_Marshal,False,,33,223.17,5849.33,26.21,2002-10-23,
Rainha Elizabeth II,morte_figura_publica,Dookie_(dog),False,,34,25.77,636.73,24.71,2012-10-28,
Rainha Elizabeth II,morte_figura_publica,List_of_things_named_after_Elizabeth_II,False,,35,47.53,1166.6,24.54,2011-12-15,
Rainha Elizabeth II,morte_figura_publica,List_of_titles_and_honours_of_Elizabeth_II,False,,36,276.1,6671.6,24.16,2004-01-07,
Rainha Elizabeth II,morte_figura_publica,Estimate_(horse),False,,37,18.6,445.8,23.97,2013-06-20,
Rainha Elizabeth II,morte_figura_publica,State_funeral_of_Elizabeth_II,False,Death_and_state_funeral_of_Elizabeth_II,0,0.0,2208.4,999,2022-09-08,2022-09-08
Rainha Elizabeth II,morte_figura_publica,Death_of_Elizabeth_II,False,Death_and_state_funeral_of_Elizabeth_II,0,0.0,74400.93,999,2022-09-08,2022-09-08
Rainha Elizabeth II,morte_figura_publica,Timeline_of_the_death_and_state_funeral_of_Elizabeth_II,False,Death_and_state_funeral_of_Elizabeth_II,0,0.0,2625.4,999,2022-09-08,2022-09-08
Diego Maradona,morte_figura_publica,Diego_Maradona,True,,0,9673.73,443186.33,45.81,2001-09-25,2020-10-26
Diego Maradona,morte_figura_publica,The_hand_of_God,False,,1,766.77,27098.47,35.34,2007-04-04,
Diego Maradona,morte_figura_publica,Argentina_v_England_(1986_FIFA_World_Cup),False,,2,344.97,10805.2,31.32,2009-01-26,
Diego Maradona,morte_figura_publica,Villa_Fiorito,False,,3,41.3,1170.8,28.35,2005-05-01,
Diego Maradona,morte_figura_publica,1984_Copa_del_Rey_Final,False,,4,23.97,556.73,23.23,2012-08-19,
Diego Maradona,morte_figura_publica,João_Batista_da_Silva,False,,5,8.77,172.4,19.67,2006-10-03,
Diego Maradona,morte_figura_publica,José_Luis_Cuciuffo,False,,6,32.27,586.13,18.17,2004-12-16,
Diego Maradona,morte_figura_publica,1988–89_UEFA_Cup,False,,7,146.27,2600.73,17.78,2006-06-18,
Diego Maradona,morte_figura_publica,Carlos_Bilardo,False,,8,109.33,1931.87,17.67,2005-02-17,
Diego Maradona,morte_figura_publica,Club_de_Gimnasia_y_Esgrima_La_Plata,False,,9,611.87,10353.4,16.92,2004-10-26,
Diego Maradona,morte_figura_publica,Bruno_Giordano,False,,10,53.03,771.8,14.55,2006-05-29,
Diego Maradona,morte_figura_publica,Julio_Olarticoechea,False,,11,31.57,450.93,14.29,2006-05-23,
Diego Maradona,morte_figura_publica,Miguel_Sola,False,,12,4.83,66.93,13.85,2010-10-19,
Diego Maradona,morte_figura_publica,Ricardo_Giusti,False,,13,27.2,364.6,13.4,2006-05-23,
Diego Maradona,morte_figura_publica,1987–88_Serie_A,False,,14,95.37,1234.27,12.94,2006-10-18,
Diego Maradona,morte_figura_publica,Carlos_Daniel_Tapia,False,,15,13.93,177.0,12.7,2006-08-14,
Diego Maradona,morte_figura_publica,Héctor_Zelada,False,,16,14.17,176.67,12.47,2006-08-14,
Diego Maradona,morte_figura_publica,1982–83_Copa_del_Rey,False,,17,17.13,184.87,10.79,2011-12-02,
Diego Maradona,morte_figura_publica,Al-Wasl_F.C.,False,,18,153.53,1482.93,9.66,2010-08-18,
Diego Maradona,morte_figura_publica,César_Luis_Menotti,False,,19,125.93,1043.33,8.28,2005-07-13,
Diego Maradona,morte_figura_publica,1976_Argentine_Primera_División,False,,20,6.97,50.07,7.19,2008-06-16,
Diego Maradona,morte_figura_publica,Oscar_Ruggeri,False,,21,168.7,1196.87,7.09,2005-04-21,
Diego Maradona,morte_figura_publica,1990–91_Serie_A,False,,23,106.77,723.07,6.77,2006-10-17,
Diego Maradona,morte_figura_publica,Villa_miseria,False,,24,69.5,431.27,6.21,2005-07-14,
Diego Maradona,morte_figura_publica,Casa_Rosada,False,,25,171.53,912.53,5.32,2004-05-31,
Diego Maradona,morte_figura_publica,Rivellino,False,,26,210.2,1048.73,4.99,2004-06-03,
Diego Maradona,morte_figura_publica,Aurelio_De_Laurentiis,False,,27,149.2,724.4,4.86,2006-07-02,
Diego Maradona,morte_figura_publica,José_Basualdo,False,,28,21.57,103.73,4.81,2006-05-23,
Diego Maradona,morte_figura_publica,Juan_Simón,False,,29,18.1,86.2,4.76,2006-05-23,
Diego Maradona,morte_figura_publica,Gary_Lineker,False,,31,2815.47,11387.27,4.04,2001-09-27,
Diego Maradona,morte_figura_publica,Paco_Ramírez,False,,33,8.73,32.53,3.73,2010-10-22,
Diego Maradona,morte_figura_publica,Racing_Club_de_Avellaneda,False,,34,541.63,1846.8,3.41,2005-01-17,
Diego Maradona,morte_figura_publica,Sergio_Agüero,False,,35,3442.33,11719.27,3.4,2005-12-13,
Diego Maradona,morte_figura_publica,Salvatore_Schillaci,False,,36,305.97,1033.13,3.38,2004-09-15,
Diego Maradona,morte_figura_publica,Denis_Stracqualursi,False,,37,25.8,86.0,3.33,2008-12-17,
Papa Bento XVI,morte_figura_publica,Pope_Benedict_XVI,True,,0,14326.63,120255.0,8.39,2002-02-18,2022-12-01
Papa Bento XVI,morte_figura_publica,Marie-Eugénie_de_Jésus,False,,1,12.63,344.0,27.23,2007-05-12,
Papa Bento XVI,morte_figura_publica,Peter_Seewald,False,,2,8.43,89.47,10.61,2022-04-17,
Papa Bento XVI,morte_figura_publica,Jesus_of_Nazareth:_From_the_Baptism_in_the_Jordan_to_the_Transfiguration,False,,4,68.5,566.73,8.27,2008-09-21,
Papa Bento XVI,morte_figura_publica,Alma_Mater_(Pope_Benedict_XVI_album),False,,5,7.1,58.4,8.23,2015-09-30,
Papa Bento XVI,morte_figura_publica,Dehellenization_of_Christianity,False,,6,208.37,1558.8,7.48,2013-04-12,
Papa Bento XVI,morte_figura_publica,Dean_of_the_College_of_Cardinals,False,,7,130.77,864.87,6.61,2003-08-11,
Papa Bento XVI,morte_figura_publica,8661_Ratzinger,False,,10,3.77,22.27,5.91,2008-03-22,
Papa Bento XVI,morte_figura_publica,Fortunatus_Nwachukwu,False,,11,27.43,154.73,5.64,2012-11-13,
Papa Bento XVI,morte_figura_publica,"St._Martin,_Moosach",False,,12,4.5,24.6,5.47,2021-12-12,
Papa Bento XVI,morte_figura_publica,Roman_Catholic_Suburbicarian_Diocese_of_Ostia,False,,13,29.03,144.4,4.97,2006-08-15,
Papa Bento XVI,morte_figura_publica,Benedict_XV,False,,14,407.5,2024.53,4.97,2002-11-16,
Papa Bento XVI,morte_figura_publica,Giovanni_Benelli,False,,15,43.83,217.4,4.96,2004-05-13,
Papa Bento XVI,morte_figura_publica,Pope_Francis,False,,16,13113.27,62347.33,4.75,2005-04-03,
Papa Bento XVI,morte_figura_publica,Pope_Urban_IV,False,,17,93.23,424.47,4.55,2001-10-03,
Papa Bento XVI,morte_figura_publica,Carlo_Maria_Martini,False,,18,89.77,403.13,4.49,2005-04-06,
Papa Bento XVI,morte_figura_publica,Pope_Celestine_V,False,,19,402.9,1791.07,4.45,2001-12-05,
Papa Bento XVI,morte_figura_publica,Hilary_of_Poitiers,False,,20,149.0,644.53,4.33,2002-09-18,
Papa Bento XVI,morte_figura_publica,Tommaso_Caputo,False,,21,7.97,33.07,4.15,2010-03-21,
Papa Bento XVI,morte_figura_publica,Pope_Benedict_XVI_and_ecumenism,False,,22,20.63,85.27,4.13,2009-04-15,
Papa Bento XVI,morte_figura_publica,James_Knox,False,,23,14.27,56.2,3.94,2006-08-05,
Papa Bento XVI,morte_figura_publica,Pope_Paul_VI,False,,24,2404.67,9165.0,3.81,2001-09-18,
Papa Bento XVI,morte_figura_publica,Pope_Clement_XII,False,,25,245.07,921.6,3.76,2001-09-26,
Papa Bento XVI,morte_figura_publica,List_of_non-extant_papal_tombs,False,,26,21.43,79.93,3.73,2009-05-24,
Papa Bento XVI,morte_figura_publica,Angelo_Vincenzo_Zani,False,,27,19.63,71.87,3.66,2012-11-09,
Papa Bento XVI,morte_figura_publica,Jesus_of_Nazareth:_The_Infancy_Narratives,False,,29,28.03,100.93,3.6,2012-11-20,
Papa Bento XVI,morte_figura_publica,Pope_Benedict_XV,False,,30,547.07,1891.27,3.46,2002-11-16,
Papa Bento XVI,morte_figura_publica,Francis_Arinze,False,,31,169.97,581.33,3.42,2004-06-21,
Papa Bento XVI,morte_figura_publica,Maria_Anna_Donati,False,,32,3.73,12.73,3.41,2016-03-07,
Papa Bento XVI,morte_figura_publica,Pope_Stephen_IX,False,,33,95.33,319.07,3.35,2001-10-10,
Papa Bento XVI,morte_figura_publica,Richard_Williamson_(bishop),False,,34,198.5,655.67,3.3,2003-12-21,
Papa Bento XVI,morte_figura_publica,Pope_Lando,False,,35,99.17,313.2,3.16,2002-02-16,
Papa Bento XVI,morte_figura_publica,Fascia_(sash),False,,36,75.1,229.0,3.05,2007-04-23,
Papa Bento XVI,morte_figura_publica,Cardinal_(Catholic_Church),False,,37,691.33,2054.33,2.97,2001-08-28,
Papa Bento XVI,morte_figura_publica,Pope_Sylvester_III,False,,38,30.13,89.4,2.97,2001-10-06,
Papa Bento XVI,morte_figura_publica,Benedict_XVI,False,Pope_Benedict_XVI,0,2202.6,9484.53,4.31,2002-02-18,2022-12-01
Kobe Bryant,morte_figura_publica,Kobe_Bryant,True,,0,10194.57,1615915.2,158.51,2003-06-14,2019-12-27
Kobe Bryant,morte_figura_publica,Kobe_Bryant_sexual_assault_case,False,,1,904.6,294617.67,325.69,2006-07-19,
Kobe Bryant,morte_figura_publica,Sikorsky_S-76,False,,2,347.43,102048.13,293.72,2004-08-11,
Kobe Bryant,morte_figura_publica,Coby_Bryant,False,,3,2.4,168.8,70.33,2007-08-11,
Kobe Bryant,morte_figura_publica,Lower_Merion_High_School,False,,4,155.17,9650.8,62.2,2005-12-01,
Kobe Bryant,morte_figura_publica,List_of_youngest_National_Basketball_Association_players,False,,5,3.37,110.13,32.71,2010-05-03,
Kobe Bryant,morte_figura_publica,NBA_Courtside_2:_Featuring_Kobe_Bryant,False,,6,22.03,548.2,24.88,2006-08-01,
Kobe Bryant,morte_figura_publica,Camarillo_Airport,False,,8,32.9,685.27,20.83,2006-04-08,
Kobe Bryant,morte_figura_publica,Rick_Fox,False,,9,1886.23,38273.8,20.29,2004-05-14,
Kobe Bryant,morte_figura_publica,Kobe_Bryant's_81-point_game,False,,10,0.97,17.67,18.28,2009-06-28,
Kobe Bryant,morte_figura_publica,2009–10_Los_Angeles_Lakers_season,False,,11,210.57,2310.2,10.97,2009-06-14,
Kobe Bryant,morte_figura_publica,2010–11_Los_Angeles_Lakers_season,False,,12,95.73,1042.93,10.89,2010-06-15,
Kobe Bryant,morte_figura_publica,List_of_Los_Angeles_Lakers_head_coaches,False,,13,298.63,2845.13,9.53,2008-06-22,
Kobe Bryant,morte_figura_publica,2001–02_Los_Angeles_Lakers_season,False,,14,90.23,813.8,9.02,2007-10-16,
Kobe Bryant,morte_figura_publica,Respect_(Shaquille_O'Neal_album),False,,15,34.57,300.0,8.68,2007-09-12,
Kobe Bryant,morte_figura_publica,2000–01_Los_Angeles_Lakers_season,False,,16,103.37,869.67,8.41,2007-10-10,
Kobe Bryant,morte_figura_publica,J._A._Adande,False,,17,55.43,459.27,8.29,2005-12-04,
Kobe Bryant,morte_figura_publica,2011–12_Los_Angeles_Lakers_season,False,,18,78.67,637.8,8.11,2011-04-04,
Kobe Bryant,morte_figura_publica,Jerry_Buss,False,,19,550.4,4318.27,7.85,2004-09-28,
Kobe Bryant,morte_figura_publica,Adam_Morrison,False,,20,440.93,2905.73,6.59,2005-11-23,
Kobe Bryant,morte_figura_publica,2012–13_Los_Angeles_Lakers_season,False,,22,144.53,880.93,6.1,2012-06-26,
Kobe Bryant,morte_figura_publica,Travis_Knight_(basketball),False,,23,60.87,368.73,6.06,2006-07-19,
Kobe Bryant,morte_figura_publica,Shaquille_O'Neal,False,,24,11955.77,71209.67,5.96,2002-11-16,
Kobe Bryant,morte_figura_publica,Frank_Hamblen,False,,25,28.6,158.87,5.55,2006-02-18,
Kobe Bryant,morte_figura_publica,Shot_clock,False,,26,299.03,1630.47,5.45,2004-09-20,
Kobe Bryant,morte_figura_publica,List_of_Los_Angeles_Lakers_seasons,False,,27,180.57,938.73,5.2,2007-09-04,
Kobe Bryant,morte_figura_publica,Point_(basketball),False,,28,473.1,2389.53,5.05,2006-02-10,
Kobe Bryant,morte_figura_publica,Lakers–Spurs_rivalry,False,,29,68.1,338.93,4.98,2007-04-14,
Kobe Bryant,morte_figura_publica,List_of_Olympic_medalists_in_basketball,False,,30,149.27,730.53,4.89,2002-02-25,
Kobe Bryant,morte_figura_publica,2008_NBA_Finals,False,,31,767.5,3721.53,4.85,2006-03-26,
Kobe Bryant,morte_figura_publica,United_States_men's_national_basketball_team,False,,32,934.1,3904.13,4.18,2002-09-23,
Kobe Bryant,morte_figura_publica,List_of_National_Basketball_Association_career_scoring_leaders,False,,33,6626.37,27205.67,4.11,2006-12-24,
Kobe Bryant,morte_figura_publica,Triangle_offense,False,,34,235.2,913.8,3.89,2004-05-05,
Kobe Bryant,morte_figura_publica,Mitch_Kupchak,False,,35,162.6,629.53,3.87,2005-04-14,
Kobe Bryant,morte_figura_publica,Wilt_Chamberlain,False,,36,5527.1,20598.67,3.73,2003-06-30,
Pele,morte_figura_publica,Pelé,True,,0,108112.53,258304.2,2.39,2001-12-23,2022-11-29
Pele,morte_figura_publica,Jimmy_McAlister,False,,3,7.73,39.8,5.15,2007-04-22,
Pele,morte_figura_publica,Soccer_Bowl_'80,False,,4,14.27,72.93,5.11,2013-10-12,
Pele,morte_figura_publica,Waldemar_de_Brito,False,,5,107.2,423.73,3.95,2007-01-04,
Pele,morte_figura_publica,Frans_Krajcberg,False,,6,6.33,24.0,3.79,2015-07-31,
Pele,morte_figura_publica,1963_Copa_Libertadores_Finals,False,,7,26.47,97.33,3.68,2010-07-17,
Pele,morte_figura_publica,List_of_New_York_Cosmos_(1970–1985)_all-stars,False,,8,42.1,147.87,3.51,2011-01-31,
Pele,morte_figura_publica,1976_North_American_Soccer_League_season,False,,9,20.83,68.67,3.3,2008-03-28,
Pele,morte_figura_publica,"Guilherme_(footballer,_born_1995)",False,,10,20.97,68.6,3.27,2017-01-02,
Pele,morte_figura_publica,Ron_Clarke,False,,11,116.63,379.73,3.26,2004-05-10,
Pele,morte_figura_publica,Bobby_Smith_(American_soccer),False,,12,15.73,50.8,3.23,2007-04-15,
Pele,morte_figura_publica,1958_Santos_FC_season,False,,13,13.57,43.53,3.21,2011-08-30,
Pele,morte_figura_publica,1962_Campeonato_Paulista,False,,15,13.0,40.6,3.12,2019-05-19,
Pele,morte_figura_publica,Tarcisio_Burgnich,False,,17,110.6,322.73,2.92,2005-01-14,
Pele,morte_figura_publica,Pelezinho_(comics),False,,18,10.0,29.0,2.9,2022-12-17,
Pele,morte_figura_publica,Eva_Sopher,False,,19,3.53,10.13,2.87,2020-12-29,
Pele,morte_figura_publica,Randy_Horton,False,,21,9.7,26.4,2.72,2006-10-04,
Pele,morte_figura_publica,1963_Copa_Libertadores,False,,22,112.57,304.67,2.71,2006-06-18,
Pele,morte_figura_publica,Mário_Cravo_Neto,False,,23,3.57,9.67,2.71,2010-11-27,
Pele,morte_figura_publica,1963_Campeonato_Brasileiro_Série_A,False,,24,12.53,33.2,2.65,2011-04-28,
Pele,morte_figura_publica,2019_South_American_Footballer_of_the_Year,False,,26,6.7,16.2,2.42,2019-12-31,
Pele,morte_figura_publica,National_Order_of_Merit_(Brazil),False,,28,14.47,33.8,2.34,2018-03-25,
Pele,morte_figura_publica,Angelo_Moratti,False,,29,55.2,128.13,2.32,2008-06-03,
Pele,morte_figura_publica,Ordem_do_Mérito_Cultural,False,,31,12.23,25.67,2.1,2015-05-30,
Pele,morte_figura_publica,Abel_Verônico,False,,32,2.47,5.13,2.08,2016-12-22,
Pele,morte_figura_publica,Aílton_Lira,False,,33,1.57,3.2,2.04,2006-09-20,
Pele,morte_figura_publica,"Zito_(footballer,_born_1932)",False,,34,297.5,604.0,2.03,2006-07-12,
Pele,morte_figura_publica,Patrick_Ntsoelengoe,False,,35,28.0,56.47,2.02,2005-09-13,
Pele,morte_figura_publica,1934_Campeonato_Paulista,False,,36,1.57,3.07,1.96,2019-07-06,
Pele,morte_figura_publica,Peter_Vermes,False,,37,95.0,186.4,1.96,2004-10-03,
Pele,morte_figura_publica,Santos_FC,False,,38,5846.87,11300.13,1.93,2003-02-23,
Pele,morte_figura_publica,"Dodô_(footballer,_born_1974)",False,,39,9.73,18.6,1.91,2007-02-07,
Pele,morte_figura_publica,Goran_Ivanišević,False,,40,305.63,570.53,1.87,2003-03-10,
Pele,morte_figura_publica,Chris_Evert,False,,41,912.67,1689.47,1.85,2003-05-06,
Pele,morte_figura_publica,1974_Copa_Libertadores,False,,42,13.53,24.4,1.8,2009-06-05,
Shinzo Abe,morte_figura_publica,Assassination_of_Shinzo_Abe,True,,0,0.0,85350.4,999,2022-07-08,2022-07-08
Shinzo Abe,morte_figura_publica,Yamato-Saidaiji_Station,False,,1,6.33,1699.73,268.38,2005-07-06,
Shinzo Abe,morte_figura_publica,Shinzo_Abe,False,,2,1408.77,320601.0,227.58,2005-09-07,
Shinzo Abe,morte_figura_publica,Iccho_Itoh,False,,4,25.5,1937.6,75.98,2007-04-17,
Shinzo Abe,morte_figura_publica,Saitō_Makoto,False,,5,57.2,3555.6,62.16,2003-01-25,
Shinzo Abe,morte_figura_publica,Abenomics,False,,6,116.07,4972.47,42.84,2013-01-17,
Shinzo Abe,morte_figura_publica,Zōjō-ji,False,,8,32.77,685.53,20.92,2004-10-23,
Shinzo Abe,morte_figura_publica,First_Abe_Cabinet,False,,10,3.93,77.33,19.66,2021-10-06,
Shinzo Abe,morte_figura_publica,Junichiro_Koizumi,False,,11,286.73,5052.07,17.62,2002-04-18,
Shinzo Abe,morte_figura_publica,Security_Police_(Japan),False,,12,29.83,453.27,15.19,2008-01-23,
Shinzo Abe,morte_figura_publica,Mass_wedding,False,,13,13.9,201.0,14.46,2010-12-06,
Shinzo Abe,morte_figura_publica,Improvised_firearm,False,,14,410.63,5412.33,13.18,2007-01-26,
Shinzo Abe,morte_figura_publica,Chief_Cabinet_Secretary,False,,15,43.53,544.33,12.5,2004-10-24,
Shinzo Abe,morte_figura_publica,House_of_Councillors,False,,16,52.4,589.87,11.26,2003-04-28,
Shinzo Abe,morte_figura_publica,Tongil_Group,False,,17,17.67,188.87,10.69,2010-04-17,
Shinzo Abe,morte_figura_publica,Fourth_Abe_Cabinet,False,,18,14.2,139.73,9.84,2017-11-05,
Shinzo Abe,morte_figura_publica,Blessing_ceremony_of_the_Unification_Church,False,,19,51.67,483.47,9.36,2006-06-18,
Shinzo Abe,morte_figura_publica,2005_Japanese_general_election,False,,20,69.7,579.07,8.31,2005-08-08,
Shinzo Abe,morte_figura_publica,Family_Peace_Association,False,,21,10.37,85.87,8.28,2018-03-02,
Shinzo Abe,morte_figura_publica,Unification_Church_of_the_United_States,False,,22,195.5,1549.0,7.92,2008-06-03,
Shinzo Abe,morte_figura_publica,Emperor_Abdication_Law,False,,23,3.03,23.8,7.85,2022-07-05,
Shinzo Abe,morte_figura_publica,Yoshimasa_Hayashi,False,,24,71.63,549.87,7.68,2007-11-17,
Shinzo Abe,morte_figura_publica,Nippon_Ishin_no_Kai,False,,25,407.4,3090.13,7.59,2015-11-04,
Shinzo Abe,morte_figura_publica,2003_Japanese_general_election,False,,27,53.87,393.4,7.3,2003-10-11,
Shinzo Abe,morte_figura_publica,Japan–South_Korea_trade_dispute,False,,28,74.77,531.0,7.1,2019-07-26,
Shinzo Abe,morte_figura_publica,United_States_v._Sun_Myung_Moon,False,,29,17.1,119.6,6.99,2006-10-02,
Shinzo Abe,morte_figura_publica,Akiko_Santō,False,,30,27.7,190.0,6.86,2007-11-11,
Shinzo Abe,morte_figura_publica,1993_Japanese_general_election,False,,31,81.53,550.53,6.75,2006-08-29,
Shinzo Abe,morte_figura_publica,Taro_Kono,False,,32,91.07,567.2,6.23,2007-10-20,
Shinzo Abe,morte_figura_publica,First_Kishida_Cabinet,False,,33,21.53,128.13,5.95,2021-09-29,
Shinzo Abe,morte_figura_publica,Japanese_Communist_Party,False,,34,712.77,4174.13,5.86,2003-11-05,
Shinzo Abe,morte_figura_publica,Second_Abe_Cabinet,False,,36,12.5,65.2,5.22,2016-12-08,
Shinzo Abe,morte_figura_publica,Yuriko_Koike,False,,37,183.1,933.47,5.1,2005-05-26,
Shinzo Abe,morte_figura_publica,President_of_the_House_of_Councillors,False,,39,7.93,36.73,4.63,2009-03-11,
Shinzo Abe,morte_figura_publica,Tetsuo_Saito,False,,40,11.23,51.8,4.61,2007-10-20,
Shinzo Abe,morte_figura_publica,Shooting_of_Shinzo_Abe,False,Assassination_of_Shinzo_Abe,0,0.0,18662.87,999,2022-07-08,2022-07-08
Shinzo Abe,morte_figura_publica,Assassination_of_Shinzō_Abe,False,Assassination_of_Shinzo_Abe,0,0.0,1327.6,999,2022-07-08,2022-07-08
Tina Turner,morte_figura_publica,Tina_Turner,True,,0,9547.07,570361.13,59.74,2002-09-08,2023-04-24
Tina Turner,morte_figura_publica,Afida_Turner,False,,1,233.37,16742.8,71.74,2016-08-24,
Tina Turner,morte_figura_publica,Alline_Bullock,False,,2,223.13,14197.07,63.63,2020-01-24,
Tina Turner,morte_figura_publica,Eugene_Bridges,False,,3,115.2,7186.53,62.38,2013-03-18,
Tina Turner,morte_figura_publica,Rough_(album),False,,4,50.83,2252.87,44.32,2008-01-02,
Tina Turner,morte_figura_publica,Flagg_Grove_School,False,,5,6.03,253.67,42.04,2008-02-14,
Tina Turner,morte_figura_publica,The_Collected_Recordings:_Sixties_to_Nineties,False,,6,23.23,924.47,39.79,2008-06-13,
Tina Turner,morte_figura_publica,Foreign_Affair,False,,7,117.53,4243.93,36.11,2006-01-04,
Tina Turner,morte_figura_publica,One_Last_Time_Live_in_Concert,False,,8,21.6,750.67,34.75,2006-09-19,
Tina Turner,morte_figura_publica,What's_Love_Got_to_Do_with_It_(album),False,,9,85.5,2943.4,34.43,2005-06-27,
Tina Turner,morte_figura_publica,"I,_Tina",False,,10,65.63,2120.67,32.31,2006-06-29,
Tina Turner,morte_figura_publica,"George_Washington_Carver_High_School_(Brownsville,_Tennessee)",False,,11,5.13,159.27,31.03,2018-11-22,
Tina Turner,morte_figura_publica,Foreign_Affair:_The_Farewell_Tour,False,,12,60.77,1482.47,24.4,2007-02-07,
Tina Turner,morte_figura_publica,Sweet_Rhode_Island_Red_(song),False,,13,4.7,110.67,23.55,2019-10-02,
Tina Turner,morte_figura_publica,Typical_Male,False,,14,42.67,953.93,22.36,2006-05-08,
Tina Turner,morte_figura_publica,Ike_&_Tina_Turner_Revue_Live,False,,15,11.87,252.13,21.25,2019-08-15,
Tina Turner,morte_figura_publica,Be_Tender_with_Me_Baby,False,,16,12.87,231.4,17.98,2007-03-07,
Tina Turner,morte_figura_publica,I_Want_You_Near_Me,False,,17,6.57,99.67,15.18,2007-03-08,
Tina Turner,morte_figura_publica,Up_in_Heah,False,,18,3.27,48.93,14.98,2008-04-20,
Tina Turner,morte_figura_publica,"His_Woman,_Her_Man:_The_Ike_Turner_Diaries",False,,19,4.97,70.87,14.27,2019-08-24,
Tina Turner,morte_figura_publica,In_Your_Wildest_Dreams_(song),False,,20,23.8,324.2,13.62,2007-02-04,
Tina Turner,morte_figura_publica,Come_Together_(Ike_&_Tina_Turner_album),False,,21,32.73,444.07,13.57,2019-08-04,
Tina Turner,morte_figura_publica,I_Don't_Wanna_Lose_You,False,,22,54.4,716.2,13.17,2007-02-15,
Tina Turner,morte_figura_publica,Steamy_Windows,False,,23,51.2,664.2,12.97,2007-02-15,
Tina Turner,morte_figura_publica,Funkier_Than_a_Mosquito's_Tweeter,False,,24,7.3,81.73,11.2,2009-05-07,
Tina Turner,morte_figura_publica,The_Statler_Hotel_&_Residences,False,,25,20.1,224.33,11.16,2009-06-01,
Tina Turner,morte_figura_publica,"Good_Bye,_So_Long",False,,26,3.63,40.47,11.14,2019-09-22,
Tina Turner,morte_figura_publica,I'm_Yours_(Use_Me_Anyway_You_Wanna),False,,27,4.3,40.2,9.35,2020-03-22,
Tina Turner,morte_figura_publica,The_Legends_Ike_&_Tina_Turner_Live_in_'71,False,,28,3.0,27.47,9.16,2019-08-31,
Tina Turner,morte_figura_publica,Cream_Records,False,,29,6.13,55.0,8.97,2005-02-05,
Tina Turner,morte_figura_publica,You_Know_I_Love_You_(B.B._King_song),False,,30,18.53,158.6,8.56,2009-09-02,
Tina Turner,morte_figura_publica,Two_Is_a_Couple,False,,31,2.4,14.87,6.19,2020-05-05,
Tina Turner,morte_figura_publica,I'm_Gonna_Do_All_I_Can_(to_Do_Right_by_My_Man),False,,32,2.77,15.67,5.66,2020-03-24,
Tina Turner,morte_figura_publica,A_Love_Like_Yours_(Don't_Come_Knocking_Everyday),False,,33,11.17,60.67,5.43,2007-09-06,
Tina Turner,morte_figura_publica,Kent_Records,False,,34,13.4,70.87,5.29,2005-01-05,
Matthew Perry,morte_figura_publica,Matthew_Perry,True,,0,6120.13,1135549.4,185.54,2003-05-24,2023-09-28
Matthew Perry,morte_figura_publica,The_End_of_Longing,False,,1,19.6,4081.73,208.25,2016-02-02,
Matthew Perry,morte_figura_publica,John_Bennett_Perry,False,,2,1215.67,115565.0,95.06,2006-02-03,
Matthew Perry,morte_figura_publica,Rockcliffe_Park_Public_School,False,,4,29.0,1881.73,64.89,2006-01-26,
Matthew Perry,morte_figura_publica,Keith_Morrison,False,,5,1020.9,62570.87,61.29,2006-06-28,
Matthew Perry,morte_figura_publica,National_Association_of_Drug_Court_Professionals,False,,6,12.07,614.27,50.91,2012-03-07,
Matthew Perry,morte_figura_publica,Chandler_Bing,False,,7,1138.77,55799.47,49.0,2004-07-15,
Matthew Perry,morte_figura_publica,The_Century_(Los_Angeles),False,,8,20.23,958.53,47.37,2008-08-13,
Matthew Perry,morte_figura_publica,Mr._Sunshine_(2011_TV_series),False,,10,88.87,3471.0,39.06,2010-04-19,
Matthew Perry,morte_figura_publica,Second_Chance_(1987_TV_series),False,,11,46.1,1581.73,34.31,2009-07-25,
Matthew Perry,morte_figura_publica,The_Kennedys:_After_Camelot,False,,12,68.2,2329.47,34.16,2016-04-04,
Matthew Perry,morte_figura_publica,Numb_(2007_film),False,,13,58.5,1910.67,32.66,2007-04-20,
Matthew Perry,morte_figura_publica,Nick_Molnar,False,,14,67.97,2158.67,31.76,2021-05-18,
Matthew Perry,morte_figura_publica,Ashbury_College,False,,15,41.37,1303.13,31.5,2005-05-15,
Matthew Perry,morte_figura_publica,Three_to_Tango,False,,16,109.6,3185.07,29.06,2002-11-04,
Matthew Perry,morte_figura_publica,Birds_of_America_(film),False,,17,48.73,1392.4,28.57,2008-06-07,
Matthew Perry,morte_figura_publica,A_Night_in_the_Life_of_Jimmy_Reardon,False,,18,102.13,2738.33,26.81,2006-06-04,
Matthew Perry,morte_figura_publica,Serving_Sara,False,,19,154.0,4075.4,26.46,2005-02-05,
Matthew Perry,morte_figura_publica,The_Odd_Couple_(2015_TV_series),False,,20,244.73,5946.87,24.3,2014-05-13,
Matthew Perry,morte_figura_publica,Go_On_(TV_series),False,,21,112.4,2579.33,22.95,2012-05-05,
Matthew Perry,morte_figura_publica,Sydney_(TV_series),False,,23,52.8,1117.87,21.17,2011-11-01,
Matthew Perry,morte_figura_publica,Sierra_Towers,False,,24,66.27,1323.13,19.97,2006-12-03,
Matthew Perry,morte_figura_publica,The_Whole_Nine_Yards_(film),False,,25,606.27,11342.93,18.71,2006-08-14,
Matthew Perry,morte_figura_publica,Yasmine_Bleeth,False,,26,1819.03,33821.6,18.59,2004-02-17,
Matthew Perry,morte_figura_publica,Friends:_The_Reunion,False,,27,851.3,15724.4,18.47,2021-04-11,
Matthew Perry,morte_figura_publica,Hazelden_Betty_Ford_Foundation,False,,28,20.57,378.8,18.42,2014-05-21,
Matthew Perry,morte_figura_publica,Fools_Rush_In_(1997_film),False,,29,692.23,12103.73,17.49,2002-11-04,
Matthew Perry,morte_figura_publica,"Williamstown,_Massachusetts",False,,30,190.83,3144.87,16.48,2003-07-02,
Matthew Perry,morte_figura_publica,Getting_In,False,,31,62.47,933.87,14.95,2009-08-29,
Matthew Perry,morte_figura_publica,Hydrocodone/paracetamol,False,,32,778.87,10728.2,13.77,2004-03-08,
Matthew Perry,morte_figura_publica,Studio_60_on_the_Sunset_Strip,False,,33,394.1,5168.47,13.11,2005-11-15,
Matthew Perry,morte_figura_publica,Matt_LeBlanc,False,,34,4515.5,57713.53,12.78,2003-08-19,
Matthew Perry,morte_figura_publica,240-Robert,False,,35,97.37,1242.67,12.76,2005-07-15,
Matthew Perry,morte_figura_publica,Almost_Heroes,False,,36,326.37,4139.8,12.68,2005-03-12,
Matthew Perry,morte_figura_publica,Ron_Clark_(teacher),False,,37,399.77,4529.47,11.33,2006-04-22,
Apple Vision Pro,lancamento_produto,Apple_Vision_Pro,True,,0,2825.3,11249.2,3.98,2023-03-31,2024-01-03
Apple Vision Pro,lancamento_produto,VisionOS,False,,1,236.57,883.2,3.73,2023-06-05,
Apple Vision Pro,lancamento_produto,Vergence-accommodation_conflict,False,,2,159.9,594.2,3.72,2022-09-21,
Apple Vision Pro,lancamento_produto,Knowledge_Navigator,False,,4,43.87,115.47,2.63,2004-01-27,
Apple Vision Pro,lancamento_produto,Microsoft_HoloLens,False,,5,375.63,750.13,2.0,2015-01-21,
Apple Vision Pro,lancamento_produto,AppleToo,False,,6,7.6,15.07,1.98,2021-09-17,
Apple Vision Pro,lancamento_produto,ByteDance,False,,7,3122.6,5816.93,1.86,2017-07-03,
Apple Vision Pro,lancamento_produto,Metaio,False,,8,56.27,103.93,1.85,2012-07-04,
Apple Vision Pro,lancamento_produto,Force_Touch,False,,9,131.03,239.67,1.83,2015-07-09,
Apple Vision Pro,lancamento_produto,The_Sword_of_Damocles_(virtual_reality),False,,10,129.03,227.8,1.77,2005-12-27,
Apple Vision Pro,lancamento_produto,Project_Iris,False,,11,66.6,113.47,1.7,2021-12-31,
Apple Vision Pro,lancamento_produto,Foveated_rendering,False,,13,99.7,167.87,1.68,2017-02-02,
Apple Vision Pro,lancamento_produto,Deirdre_O'Brien,False,,14,60.5,96.4,1.59,2019-02-06,
Apple Vision Pro,lancamento_produto,WebXR,False,,16,108.57,165.87,1.53,2015-11-03,
Apple Vision Pro,lancamento_produto,Cue_(search_engine),False,,17,33.27,50.8,1.53,2011-06-02,
Apple Vision Pro,lancamento_produto,Scott_Forstall,False,,18,798.17,1225.13,1.53,2007-02-05,
Apple Vision Pro,lancamento_produto,Animoji,False,,19,9.0,13.4,1.49,2017-09-12,
Apple Vision Pro,lancamento_produto,High-Tech_Employee_Antitrust_Litigation,False,,20,103.93,154.13,1.48,2013-10-27,
Apple Vision Pro,lancamento_produto,Kaleida_Labs,False,,21,39.73,58.93,1.48,2005-01-23,
Apple Vision Pro,lancamento_produto,Virtual_reality_sickness,False,,22,118.3,172.67,1.46,2014-07-22,
Apple Vision Pro,lancamento_produto,Pixelmator_Pro,False,,24,11.73,16.73,1.43,2023-08-05,
Apple Vision Pro,lancamento_produto,VPL_Research,False,,25,51.67,71.27,1.38,2015-01-29,
Apple Vision Pro,lancamento_produto,Apple_Authorized_Service_Provider,False,,26,24.1,32.93,1.37,2005-12-04,
Apple Vision Pro,lancamento_produto,List_of_Apple_codenames,False,,28,260.87,343.13,1.32,2008-09-22,
Apple Vision Pro,lancamento_produto,Classroom_(Apple),False,,30,35.1,46.13,1.31,2018-04-01,
Apple Vision Pro,lancamento_produto,List_of_iPad_accessories,False,,31,39.1,51.07,1.31,2011-05-03,
Apple Vision Pro,lancamento_produto,Optical_head-mounted_display,False,,32,40.2,52.73,1.31,2013-06-19,
Apple Vision Pro,lancamento_produto,P.A._Semi,False,,33,52.53,68.93,1.31,2006-11-24,
Apple Vision Pro,lancamento_produto,UIKit,False,,34,11.43,14.73,1.29,2008-03-07,
Apple Vision Pro,lancamento_produto,Apple_Music_Festival,False,,35,60.67,78.0,1.29,2010-04-22,
Apple Vision Pro,lancamento_produto,ITunes_Radio,False,,36,35.47,45.33,1.28,2013-06-10,
Apple Vision Pro,lancamento_produto,PICO_4,False,,37,81.13,103.0,1.27,2022-11-02,
Apple Vision Pro,lancamento_produto,Guerrino_De_Luca,False,,38,19.83,25.07,1.26,2005-08-09,
Apple Vision Pro,lancamento_produto,Valve_Index,False,,39,264.23,331.93,1.26,2019-03-31,
Apple Vision Pro,lancamento_produto,BridgeOS,False,,40,99.13,124.33,1.25,2018-09-26,
Apple Vision Pro,lancamento_produto,Vision_Pro,False,Apple_Vision_Pro,0,25.23,64.47,2.55,2023-03-31,2024-01-03
Threads Meta,lancamento_produto,Threads_(social_network),True,,0,0.0,12176.47,999,2023-07-04,2023-07-04
Threads Meta,lancamento_produto,Priscilla_Chan,False,,1,2624.6,7220.73,2.75,2015-12-02,
Threads Meta,lancamento_produto,Facebook_content_management_controversies,False,,2,131.9,316.2,2.4,2022-02-16,
Threads Meta,lancamento_produto,Meta_Portal,False,,3,123.97,297.07,2.4,2018-10-09,
Threads Meta,lancamento_produto,Facebook_Paper,False,,4,30.17,66.2,2.19,2014-02-03,
Threads Meta,lancamento_produto,Chan_Zuckerberg_Initiative,False,,5,383.6,769.0,2.0,2015-12-02,
Threads Meta,lancamento_produto,Chris_Cox_(manager),False,,6,122.6,229.13,1.87,2010-07-22,
Threads Meta,lancamento_produto,Onavo,False,,7,42.57,78.53,1.84,2015-02-10,
Threads Meta,lancamento_produto,List_of_mergers_and_acquisitions_by_Meta_Platforms,False,,8,309.77,570.8,1.84,2010-10-30,
Threads Meta,lancamento_produto,Afia_Asantewaa_Asare-Kyei,False,,9,12.97,23.6,1.82,2021-04-10,
Threads Meta,lancamento_produto,IRC-Galleria,False,,10,25.37,44.07,1.74,2005-05-17,
Threads Meta,lancamento_produto,Facebook_Bluetooth_Beacon,False,,11,15.97,27.53,1.72,2015-07-30,
Threads Meta,lancamento_produto,Willow_Village,False,,12,13.83,23.67,1.71,2018-03-01,
Threads Meta,lancamento_produto,Evelyn_Aswad,False,,14,13.73,22.53,1.64,2021-04-10,
Threads Meta,lancamento_produto,Emi_Palmor,False,,15,14.9,24.33,1.63,2021-01-03,
Threads Meta,lancamento_produto,Koo_(social_network),False,,16,239.17,390.6,1.63,2021-02-12,
Threads Meta,lancamento_produto,Nancy_Killefer,False,,17,21.1,34.0,1.61,2009-01-07,
Threads Meta,lancamento_produto,Fan-gating,False,,18,13.67,21.93,1.6,2012-10-28,
Threads Meta,lancamento_produto,Dana_White,False,,19,2955.57,4713.0,1.59,2005-07-14,
Threads Meta,lancamento_produto,Andrew_McCollum,False,,20,609.93,970.73,1.59,2008-03-06,
Threads Meta,lancamento_produto,Social_graph,False,,21,84.57,134.8,1.59,2007-12-13,
Threads Meta,lancamento_produto,Ronaldo_Lemos,False,,22,20.73,32.67,1.58,2008-06-16,
Threads Meta,lancamento_produto,Naomi_Gleit,False,,23,37.2,58.2,1.56,2017-07-23,
Threads Meta,lancamento_produto,Migme,False,,24,52.0,80.67,1.55,2011-01-28,
Threads Meta,lancamento_produto,Hive_Social,False,,25,162.77,248.33,1.53,2022-11-22,
Threads Meta,lancamento_produto,Maina_Kiai,False,,26,21.37,32.2,1.51,2013-11-14,
Threads Meta,lancamento_produto,HCL_Connections,False,,27,36.43,54.6,1.5,2007-05-17,
Threads Meta,lancamento_produto,23snaps,False,,28,35.77,53.67,1.5,2014-04-10,
Threads Meta,lancamento_produto,Google_Currents_(social_app),False,,29,122.27,182.67,1.49,2019-09-03,
Threads Meta,lancamento_produto,Elliot_Schrage,False,,30,23.03,34.13,1.48,2006-12-23,
Threads Meta,lancamento_produto,Bondee,False,,31,39.83,58.27,1.46,2023-02-12,
Threads Meta,lancamento_produto,"Young_v._Facebook,_Inc.",False,,32,16.03,23.47,1.46,2012-02-29,
Threads Meta,lancamento_produto,Paul_G._Haaga_Jr.,False,,33,20.7,30.07,1.45,2011-11-20,
Threads Meta,lancamento_produto,Fediverse,False,,34,3833.9,5511.67,1.44,2017-06-02,
Threads Meta,lancamento_produto,Eyegroove,False,,35,17.67,25.47,1.44,2019-05-22,
Threads Meta,lancamento_produto,Threads_(Instagram),False,Threads_(social_network),0,89.43,687.07,7.68,2023-07-04,2023-07-04
Threads Meta,lancamento_produto,Threads_(app),False,Threads_(social_network),0,634.87,54721.07,86.19,2023-07-04,2023-07-04
Google Gemini,lancamento_produto,Gemini_(language_model),True,,0,0.0,3588.4,999,2023-08-21,2023-12-06
Google Gemini,lancamento_produto,OpenSocial,False,,2,74.33,211.4,2.84,2007-10-31,
Google Gemini,lancamento_produto,Google_Kythe,False,,3,53.2,116.47,2.19,2015-02-23,
Google Gemini,lancamento_produto,Google_Street_View_in_the_United_States,False,,5,20.53,40.33,1.96,2011-03-02,
Google Gemini,lancamento_produto,Google_Scholar,False,,6,8474.07,15597.27,1.84,2005-02-18,
Google Gemini,lancamento_produto,ElevenLabs,False,,7,1671.5,2875.27,1.72,2023-02-03,
Google Gemini,lancamento_produto,BreadTube,False,,10,1042.37,1645.47,1.58,2020-07-02,
Google Gemini,lancamento_produto,Outline_of_Google,False,,11,129.03,188.8,1.46,2010-02-20,
Google Gemini,lancamento_produto,Expert_system,False,,12,633.0,915.47,1.45,2001-11-25,
Google Gemini,lancamento_produto,Gato_(DeepMind),False,,13,79.7,114.93,1.44,2022-05-24,
Google Gemini,lancamento_produto,Content_ID,False,,14,58.27,80.6,1.38,2018-09-09,
Google Gemini,lancamento_produto,Google_DeepMind,False,,15,1188.33,1613.07,1.36,2014-01-27,
Google Gemini,lancamento_produto,RenderScript,False,,16,32.23,43.73,1.36,2011-07-29,
Google Gemini,lancamento_produto,Google_hacking,False,,17,2464.4,3291.27,1.34,2006-08-20,
Google Gemini,lancamento_produto,Twitter,False,,18,40445.2,54366.6,1.34,2007-02-12,
Google Gemini,lancamento_produto,List_of_mergers_and_acquisitions_by_Alphabet,False,,19,447.03,593.13,1.33,2006-01-08,
Google Gemini,lancamento_produto,Go_(programming_language),False,,20,3381.83,4423.6,1.31,2009-11-10,
Google Gemini,lancamento_produto,YouTube_Creator_Awards,False,,21,1840.3,2371.47,1.29,2014-09-27,
Google Gemini,lancamento_produto,CNBC,False,,22,925.4,1182.07,1.28,2003-05-08,
Google Gemini,lancamento_produto,YouTube_TV,False,,23,876.13,1119.27,1.28,2008-10-05,
Google Gemini,lancamento_produto,BigQuery,False,,25,288.4,365.93,1.27,2011-01-07,
Google Gemini,lancamento_produto,Chrome_Zone,False,,27,40.27,50.2,1.25,2012-05-07,
Google Gemini,lancamento_produto,YouTube_Rewind,False,,28,381.6,477.6,1.25,2014-04-07,
Google Gemini,lancamento_produto,Spanner_(database),False,,29,91.47,114.13,1.25,2012-09-18,
Google Gemini,lancamento_produto,Christopher_D._Manning,False,,30,41.33,51.53,1.25,2022-02-22,
Google Gemini,lancamento_produto,Google_Books,False,,31,595.9,737.47,1.24,2005-11-18,
Google Gemini,lancamento_produto,Google_Hacks,False,,32,66.77,82.73,1.24,2003-04-26,
Google Gemini,lancamento_produto,Liquid_Galaxy,False,,33,44.0,54.47,1.24,2015-10-20,
Google Gemini,lancamento_produto,Googled:_The_End_of_the_World_as_We_Know_It,False,,34,39.73,49.47,1.24,2013-10-23,
Google Gemini,lancamento_produto,Google_Earth,False,,35,5557.43,6752.87,1.22,2005-06-28,
Google Gemini,lancamento_produto,ChromeOS,False,,36,1207.47,1473.8,1.22,2009-07-08,
Google Gemini,lancamento_produto,Google_Fonts,False,,37,423.9,519.13,1.22,2013-08-02,
Google Gemini,lancamento_produto,Android_Oreo,False,,38,424.2,507.6,1.2,2017-03-21,
Google Gemini,lancamento_produto,BandPage,False,,39,39.33,46.93,1.19,2010-06-29,
Google Gemini,lancamento_produto,AlphaFold,False,,40,601.1,714.87,1.19,2019-01-25,
Samsung Galaxy S24,lancamento_produto,Samsung_Galaxy_S24,True,,0,286.9,3350.47,11.68,2023-01-21,2024-01-10
Samsung Galaxy S24,lancamento_produto,Exynos,False,,5,508.37,931.93,1.83,2011-10-11,
Samsung Galaxy S24,lancamento_produto,Hall_sensor,False,,6,13.83,24.53,1.77,2003-06-09,
Samsung Galaxy S24,lancamento_produto,Samsung_Galaxy_Beam_i8520,False,,7,11.63,19.87,1.71,2010-07-20,
Samsung Galaxy S24,lancamento_produto,Android_15,False,,8,9.1,15.0,1.65,2006-06-03,
Samsung Galaxy S24,lancamento_produto,Samsung_Infuse_4G,False,,9,49.1,80.4,1.64,2011-01-15,
Samsung Galaxy S24,lancamento_produto,Samsung_Galaxy_S9,False,,10,879.63,1413.4,1.61,2017-11-22,
Samsung Galaxy S24,lancamento_produto,Samsung_Galaxy_J3_(2016),False,,11,78.0,117.13,1.5,2016-12-15,
Samsung Galaxy S24,lancamento_produto,Accelerometer,False,,12,605.83,903.67,1.49,2003-09-22,
Samsung Galaxy S24,lancamento_produto,Samsung_Continuum,False,,13,4.13,6.13,1.48,2011-02-05,
Samsung Galaxy S24,lancamento_produto,Ultra-wideband,False,,14,506.73,739.6,1.46,2003-01-07,
Samsung Galaxy S24,lancamento_produto,Graphics_processing_unit,False,,15,2499.53,3648.4,1.46,2003-12-06,
Samsung Galaxy S24,lancamento_produto,Samsung_Ultra_Edition,False,,16,10.33,15.13,1.46,2018-11-18,
Samsung Galaxy S24,lancamento_produto,Samsung_E1120,False,,17,8.43,12.2,1.45,2009-07-09,
Samsung Galaxy S24,lancamento_produto,Samsung_Galaxy_Folder,False,,20,27.83,40.07,1.44,2019-04-20,
Samsung Galaxy S24,lancamento_produto,Samsung_S8000_Jet,False,,21,15.0,21.2,1.41,2009-11-30,
Samsung Galaxy S24,lancamento_produto,GSM,False,,22,2070.17,2837.47,1.37,2001-11-06,
Samsung Galaxy S24,lancamento_produto,Samsung_Galaxy_S5_Mini,False,,23,42.23,57.6,1.36,2014-02-23,
Samsung Galaxy S24,lancamento_produto,Samsung_Galaxy_Note_10,False,,24,479.33,652.33,1.36,2019-05-28,
Samsung Galaxy S24,lancamento_produto,Samsung_Galaxy_S7,False,,25,647.53,881.47,1.36,2016-02-15,
Samsung Galaxy S24,lancamento_produto,Forbes,False,,26,2446.57,3295.07,1.35,2003-08-12,
Samsung Galaxy S24,lancamento_produto,Samsung_Galaxy_S5,False,,27,424.43,573.13,1.35,2013-08-29,
Samsung Galaxy S24,lancamento_produto,Magnetometer,False,,28,453.03,602.8,1.33,2002-09-10,
Samsung Galaxy S24,lancamento_produto,Samsung_Galaxy_S6,False,,29,439.33,579.87,1.32,2015-03-01,
Samsung Galaxy S24,lancamento_produto,Samsung,False,,30,6961.37,9093.07,1.31,2003-07-15,
Samsung Galaxy S24,lancamento_produto,Samsung_Galaxy_Xcover_series,False,,31,38.03,49.67,1.31,2022-02-02,
Samsung Galaxy S24,lancamento_produto,Samsung_Galaxy_Note_4,False,,32,150.77,198.2,1.31,2013-08-18,
Samsung Galaxy S24,lancamento_produto,Samsung_Galaxy_S_4G_LTE,False,,33,13.13,17.27,1.31,2011-05-01,
Samsung Galaxy S24,lancamento_produto,Samsung_Galaxy_Folder_2,False,,35,29.17,37.93,1.3,2020-02-20,
Samsung Galaxy S24,lancamento_produto,Samsung_Brightside,False,,36,3.1,4.0,1.29,2012-07-19,
Samsung Galaxy S24,lancamento_produto,Samsung_Galaxy_Express_2,False,,37,9.47,12.13,1.28,2013-11-08,
Samsung Galaxy S24,lancamento_produto,Samsung_GT-S5230,False,,38,43.8,55.87,1.28,2009-06-02,
Samsung Galaxy S24,lancamento_produto,Windows_Mobile,False,,39,370.93,474.07,1.28,2004-12-14,
Samsung Galaxy S24,lancamento_produto,Titanium,False,,40,3217.6,4073.13,1.27,2001-05-17,
Samsung Galaxy S24,lancamento_produto,Samsung_Galaxy_S_Duos_2,False,,41,21.6,27.4,1.27,2013-12-16,
Samsung Galaxy S24,lancamento_produto,Galaxy_S24,False,Samsung_Galaxy_S24,0,0.0,41.0,0,2023-01-21,2024-01-10
ChatGPT,lancamento_produto,ChatGPT,True,,0,0.0,48838.73,999,2022-12-05,2022-12-05
ChatGPT,lancamento_produto,Stack_Overflow,False,,3,1114.8,6952.73,6.24,2009-02-26,
ChatGPT,lancamento_produto,Bret_Taylor,False,,4,446.27,1603.0,3.59,2009-09-19,
ChatGPT,lancamento_produto,GPT-1,False,,5,0.97,3.2,3.31,2021-08-11,
ChatGPT,lancamento_produto,Language_model,False,,6,302.67,787.2,2.6,2005-05-19,
ChatGPT,lancamento_produto,Chatbot,False,,7,785.7,1906.93,2.43,2002-11-17,
ChatGPT,lancamento_produto,DALL-E,False,,8,2106.43,4760.2,2.26,2021-01-06,
ChatGPT,lancamento_produto,Foundation_model,False,,9,0.47,0.8,1.71,2022-06-10,
ChatGPT,lancamento_produto,Turing_test,False,,10,2389.97,3816.0,1.6,2001-08-26,
ChatGPT,lancamento_produto,Salva_Kiir_Mayardit,False,,11,618.8,961.33,1.55,2005-08-02,
ChatGPT,lancamento_produto,AI_Dungeon,False,,13,222.43,299.73,1.35,2019-12-10,
ChatGPT,lancamento_produto,2026_Winter_Olympics,False,,15,1807.33,2207.67,1.22,2013-02-04,
ChatGPT,lancamento_produto,Yoshua_Bengio,False,,16,259.73,310.0,1.19,2015-09-07,
ChatGPT,lancamento_produto,Multimodal_learning,False,,17,67.93,80.93,1.19,2015-06-14,
ChatGPT,lancamento_produto,OpenVINO,False,,18,220.37,255.6,1.16,2019-10-04,
ChatGPT,lancamento_produto,Attention_(machine_learning),False,,19,515.0,577.8,1.12,2020-12-03,
ChatGPT,lancamento_produto,Xi_Jinping_Administration,False,,20,161.0,180.6,1.12,2019-07-26,
ChatGPT,lancamento_produto,Yann_LeCun,False,,21,433.8,485.53,1.12,2009-07-08,
ChatGPT,lancamento_produto,Abraham_Accords,False,,22,1676.33,1873.2,1.12,2020-08-13,
ChatGPT,lancamento_produto,Syrian_civil_war,False,,23,6988.5,7859.53,1.12,2011-02-03,
ChatGPT,lancamento_produto,Question_answering,False,,24,239.53,267.4,1.12,2003-11-08,
ChatGPT,lancamento_produto,Wikipedia,False,,25,62381.17,69860.13,1.12,2001-11-06,
ChatGPT,lancamento_produto,Software_engine,False,,26,104.07,116.2,1.12,2006-10-08,
ChatGPT,lancamento_produto,Second_Yanev_Government,False,,27,5.33,5.87,1.1,2021-09-30,
ChatGPT,lancamento_produto,Workplace_impact_of_artificial_intelligence,False,,28,18.3,20.2,1.1,2020-07-30,
ChatGPT,lancamento_produto,15.ai,False,,29,798.9,882.07,1.1,2020-04-05,
ChatGPT,lancamento_produto,BlackBerry_10,False,,30,268.47,292.67,1.09,2011-10-18,
ChatGPT,lancamento_produto,Russo-Ukrainian_war,False,,31,92.0,100.2,1.09,2014-03-01,
ChatGPT,lancamento_produto,Post–Cold_War_era,False,,32,314.17,343.2,1.09,2013-04-28,
ChatGPT,lancamento_produto,Virtual_machine,False,,33,1386.07,1503.27,1.08,2001-09-29,
ChatGPT,lancamento_produto,Holden_Karnofsky,False,,34,72.37,78.27,1.08,2011-06-02,
ChatGPT,lancamento_produto,Alice_(virtual_assistant),False,,35,62.83,67.07,1.07,2017-10-14,
ChatGPT,lancamento_produto,Abstract_(summary),False,,36,481.63,516.47,1.07,2004-03-27,
ChatGPT,lancamento_produto,Sanctions_(law),False,,37,117.6,125.73,1.07,2001-03-12,
ChatGPT,lancamento_produto,Intelligent_code_completion,False,,38,128.93,137.67,1.07,2004-05-20,
GPT-4,lancamento_produto,GPT-4,True,,0,2096.33,19470.13,9.29,2023-01-27,2023-02-12
GPT-4,lancamento_produto,Large_language_model,False,,1,142.6,3094.53,21.7,2023-03-09,
GPT-4,lancamento_produto,GPT-J,False,,2,49.43,294.4,5.96,2023-02-28,
GPT-4,lancamento_produto,Be_My_Eyes,False,,3,26.47,113.73,4.3,2021-11-02,
GPT-4,lancamento_produto,Bing_Chat,False,,5,15.2,35.33,2.32,2023-03-17,
GPT-4,lancamento_produto,Ilya_Sutskever,False,,6,2581.2,5602.2,2.17,2016-07-17,
GPT-4,lancamento_produto,Artificial_general_intelligence,False,,8,2354.53,4995.07,2.12,2004-04-09,
GPT-4,lancamento_produto,Few-shot_learning,False,,9,35.17,74.53,2.12,2023-03-14,
GPT-4,lancamento_produto,GitHub_Copilot,False,,10,919.63,1951.33,2.12,2021-07-06,
GPT-4,lancamento_produto,Multimodal_learning,False,,11,136.6,284.2,2.08,2015-06-14,
GPT-4,lancamento_produto,Sam_Altman,False,,12,9008.83,18329.6,2.03,2009-04-19,
GPT-4,lancamento_produto,Taskrabbit,False,,13,189.67,373.33,1.97,2012-02-22,
GPT-4,lancamento_produto,Deep_Learning_(South_Park),False,,14,1946.77,3822.87,1.96,2023-03-07,
GPT-4,lancamento_produto,GPT-2,False,,16,816.67,1566.33,1.92,2020-12-08,
GPT-4,lancamento_produto,Generative_pre-trained_transformer,False,,17,1771.3,3307.47,1.87,2023-02-07,
GPT-4,lancamento_produto,DBSCAN,False,,18,451.67,812.93,1.8,2007-10-16,
GPT-4,lancamento_produto,GPT-1,False,,19,55.33,98.33,1.78,2021-08-11,
GPT-4,lancamento_produto,Sue_Desmond-Hellmann,False,,20,18.43,32.0,1.74,2009-03-19,
GPT-4,lancamento_produto,Hugging_Face,False,,21,670.03,1153.2,1.72,2022-08-01,
GPT-4,lancamento_produto,Peter_Thiel,False,,23,5466.0,8795.93,1.61,2004-04-21,
GPT-4,lancamento_produto,Ray_Kurzweil,False,,24,1060.5,1659.4,1.56,2001-09-26,
GPT-4,lancamento_produto,Hallucination_(artificial_intelligence),False,,25,2017.4,3014.87,1.49,2022-12-30,
GPT-4,lancamento_produto,Larry_Summers,False,,26,67.07,97.67,1.46,2003-04-05,
GPT-4,lancamento_produto,Shivon_Zilis,False,,27,905.17,1294.6,1.43,2022-07-07,
GPT-4,lancamento_produto,AlexNet,False,,28,581.67,826.47,1.42,2017-01-07,
GPT-4,lancamento_produto,DALL-E,False,,29,4836.6,6668.2,1.38,2021-01-06,
GPT-4,lancamento_produto,Jessica_Livingston,False,,30,958.83,1312.53,1.37,2005-06-23,
GPT-4,lancamento_produto,Semantic_analysis_(machine_learning),False,,31,32.63,44.4,1.36,2007-11-16,
GPT-4,lancamento_produto,Microsoft_Office,False,,34,8556.8,11301.93,1.32,2001-10-18,
GPT-4,lancamento_produto,Self-supervised_learning,False,,35,287.4,380.0,1.32,2021-06-09,
GPT-4,lancamento_produto,Ted_Lieu,False,,36,322.0,421.8,1.31,2006-06-30,
GPT-4,lancamento_produto,Yoshua_Bengio,False,,37,414.5,539.13,1.3,2015-09-07,
GPT-4,lancamento_produto,PMID_(identifier),False,,38,1204.0,1551.87,1.29,2004-03-03,
GPT-4,lancamento_produto,Future_of_Life_Institute,False,,39,112.7,145.33,1.29,2014-05-30,
GPT-4,lancamento_produto,Semafor_(website),False,,40,177.17,225.93,1.28,2022-10-19,
Tesla Cybertruck,lancamento_produto,Tesla_Cybertruck,True,,0,46969.97,57772.33,1.23,2019-03-19,2023-10-31
Tesla Cybertruck,lancamento_produto,48-volt_electrical_system,False,,1,0,157.07,999,2023-12-07,
Tesla Cybertruck,lancamento_produto,Lars_Moravy,False,,2,0.6,7.47,12.44,2023-03-13,
Tesla Cybertruck,lancamento_produto,Etherloop,False,,3,8.4,66.07,7.87,2006-12-15,
Tesla Cybertruck,lancamento_produto,Tweet_(social_media),False,,4,4.8,23.27,4.85,2021-08-22,
Tesla Cybertruck,lancamento_produto,Rollout_(drag_racing),False,,5,35.9,149.27,4.16,2019-08-23,
Tesla Cybertruck,lancamento_produto,Tesla_Robotaxi,False,,6,1.57,5.6,3.57,2023-11-28,
Tesla Cybertruck,lancamento_produto,Franz_von_Holzhausen,False,,8,427.6,1322.73,3.09,2006-01-09,
Tesla Cybertruck,lancamento_produto,Crumple_zone,False,,9,240.67,741.6,3.08,2003-05-30,
Tesla Cybertruck,lancamento_produto,Tesla_Cyberquad,False,,12,176.43,459.13,2.6,2019-11-22,
Tesla Cybertruck,lancamento_produto,Drew_Baglino,False,,13,40.8,79.73,1.95,2019-06-12,
Tesla Cybertruck,lancamento_produto,Optimus_(robot),False,,15,515.5,966.4,1.87,2021-08-20,
Tesla Cybertruck,lancamento_produto,Tesla_Semi,False,,19,774.83,1274.47,1.64,2016-07-21,
Tesla Cybertruck,lancamento_produto,Wet_Nellie,False,,21,454.4,729.73,1.61,2013-11-16,
Tesla Cybertruck,lancamento_produto,Walter_Isaacson,False,,24,1132.2,1663.53,1.47,2005-07-19,
Tesla Cybertruck,lancamento_produto,Retrofuturism,False,,25,680.57,995.6,1.46,2003-06-13,
Tesla Cybertruck,lancamento_produto,Gigafactory_Texas,False,,26,605.8,866.53,1.43,2020-05-17,
Tesla Cybertruck,lancamento_produto,BBC,False,,28,7116.37,10043.2,1.41,2001-09-14,
Tesla Cybertruck,lancamento_produto,Tesla_Autopilot,False,,29,744.3,1039.2,1.4,2016-07-03,
Tesla Cybertruck,lancamento_produto,Tesla_Roadster_(second_generation),False,,30,779.97,1082.0,1.39,2017-11-02,
Tesla Cybertruck,lancamento_produto,National_Highway_Traffic_Safety_Administration,False,,31,241.43,333.27,1.38,2004-09-16,
Tesla Cybertruck,lancamento_produto,United_States_Patent_and_Trademark_Office,False,,32,292.7,391.6,1.34,2003-04-29,
Tesla Cybertruck,lancamento_produto,"Tesla,_Inc.",False,,33,10770.23,14421.07,1.34,2006-06-12,
Tesla Cybertruck,lancamento_produto,Aperam,False,,34,76.77,102.4,1.33,2012-02-07,
Tesla Cybertruck,lancamento_produto,YouTube,False,,35,456153.77,606085.13,1.33,2005-12-25,
Tesla Cybertruck,lancamento_produto,Tesla_Fremont_Factory,False,,36,238.03,314.4,1.32,2010-11-22,
Tesla Cybertruck,lancamento_produto,Insurance_Institute_for_Highway_Safety,False,,37,103.73,136.47,1.32,2005-03-09,
Tesla Cybertruck,lancamento_produto,Tesla_Model_S,False,,38,1776.97,2326.6,1.31,2008-07-01,
Tesla Cybertruck,lancamento_produto,Gigafactory_Nevada,False,,39,310.3,407.8,1.31,2014-06-05,
Tesla Cybertruck,lancamento_produto,Tonneau,False,,40,118.43,154.27,1.3,2005-05-24,
Tesla Cybertruck,lancamento_produto,Crossover_(automobile),False,,41,696.5,903.6,1.3,2004-08-19,
Tesla Cybertruck,lancamento_produto,CNBC,False,,42,892.37,1150.73,1.29,2003-05-08,
Tesla Cybertruck,lancamento_produto,Hornsdale_Power_Reserve,False,,44,82.43,105.87,1.28,2017-12-04,
Tesla Cybertruck,lancamento_produto,Vaibhav_Taneja,False,,45,54.7,70.27,1.28,2023-08-08,
Tesla Cybertruck,lancamento_produto,Tesla_Model_Y,False,,46,1444.97,1843.07,1.28,2016-01-07,
iPhone 15,lancamento_produto,IPhone_15,True,,0,0.07,6560.53,98408.0,2022-09-01,2023-09-10
iPhone 15,lancamento_produto,IPhone_15_Pro,False,,1,0,6749.6,999,2022-09-05,
iPhone 15,lancamento_produto,Radio_Equipment_Directive_(2022),False,,2,11.4,146.47,12.85,2023-03-04,
iPhone 15,lancamento_produto,Apple_A16,False,,3,1155.17,3418.0,2.96,2022-09-11,
iPhone 15,lancamento_produto,USB-C,False,,4,3852.57,9636.33,2.5,2013-12-31,
iPhone 15,lancamento_produto,EarPods,False,,5,17.17,41.0,2.39,2013-03-17,
iPhone 15,lancamento_produto,IPhone_12_Pro,False,,6,849.07,1931.67,2.28,2020-10-13,
iPhone 15,lancamento_produto,Apple_silicon,False,,8,1247.77,2626.27,2.1,2011-07-06,
iPhone 15,lancamento_produto,IPhone_12,False,,10,1982.87,3908.47,1.97,2020-07-06,
iPhone 15,lancamento_produto,IPhone_SE_(3rd_generation),False,,12,1850.0,3559.47,1.92,2022-02-06,
iPhone 15,lancamento_produto,IPhone_XS,False,,13,1828.73,3482.2,1.9,2018-08-30,
iPhone 15,lancamento_produto,Apple_Campus_3,False,,14,60.97,114.93,1.89,2023-04-20,
iPhone 15,lancamento_produto,IPhone_SE_(2nd_generation),False,,15,1929.73,3576.4,1.85,2020-02-14,
iPhone 15,lancamento_produto,IOS_11,False,,17,764.0,1375.67,1.8,2017-04-23,
iPhone 15,lancamento_produto,Apple_Watch,False,,18,3433.1,6171.0,1.8,2013-07-02,
iPhone 15,lancamento_produto,IPhone_(1st_generation),False,,19,3222.83,5656.07,1.75,2010-06-19,
iPhone 15,lancamento_produto,IPhone_4,False,,20,1185.53,2076.07,1.75,2009-07-05,
iPhone 15,lancamento_produto,Crash_Detection,False,,21,62.77,108.27,1.72,2023-02-03,
iPhone 15,lancamento_produto,IPhone_OS_1,False,,22,254.0,428.27,1.69,2014-09-05,
iPhone 15,lancamento_produto,Apple_A14,False,,23,907.5,1526.33,1.68,2020-09-16,
iPhone 15,lancamento_produto,High-Tech_Employee_Antitrust_Litigation,False,,24,167.83,281.93,1.68,2013-10-27,
iPhone 15,lancamento_produto,Apple_A8,False,,25,115.27,193.2,1.68,2014-09-09,
iPhone 15,lancamento_produto,Translate_(Apple),False,,26,57.17,96.07,1.68,2020-06-23,
iPhone 15,lancamento_produto,IOS_version_history,False,,27,2998.47,4937.93,1.65,2008-03-06,
iPhone 15,lancamento_produto,Apple_Store,False,,29,965.3,1576.8,1.63,2004-03-03,
iPhone 15,lancamento_produto,Siri_Remote,False,,30,114.83,187.4,1.63,2015-12-08,
iPhone 15,lancamento_produto,John_Ternus,False,,31,38.7,63.27,1.63,2021-03-17,
iPhone 15,lancamento_produto,IPhone_6s,False,,33,782.7,1223.13,1.56,2015-08-07,
iPhone 15,lancamento_produto,IOS_9,False,,34,542.27,811.33,1.5,2015-06-02,
iPhone 15,lancamento_produto,MessagePad,False,,35,116.17,174.33,1.5,2001-05-15,
iPhone 15,lancamento_produto,IPadOS_16,False,,36,583.2,873.47,1.5,2022-06-06,
iPhone 15,lancamento_produto,Apple_OneScanner,False,,37,8.47,12.33,1.46,2012-07-31,
iPhone 15,lancamento_produto,Issues_relating_to_iOS,False,,38,49.2,70.13,1.43,2020-07-15,
iPhone 15,lancamento_produto,John_Giannandrea,False,,39,55.63,79.07,1.42,2018-04-16,
iPhone 15,lancamento_produto,Canada,False,,40,35276.13,50263.27,1.42,2001-10-31,
iPhone 15,lancamento_produto,Iphone_15,False,IPhone_15,0,0.0,114.13,999,2022-09-01,2023-09-10
Imagens James Webb,ciencia_global,James_Webb_Space_Telescope,True,,0,6275.5,83243.73,13.26,2004-01-18,2022-06-12
Imagens James Webb,ciencia_global,Jane_Rigby_(astrophysicist),False,,4,20.33,163.53,8.04,2021-12-22,
Imagens James Webb,ciencia_global,NASA_space-flown_Gemini_and_Apollo_medallions,False,,5,23.3,146.0,6.27,2015-06-07,
Imagens James Webb,ciencia_global,Great_Observatories_program,False,,6,89.87,412.93,4.59,2004-06-14,
Imagens James Webb,ciencia_global,New_Worlds_Mission,False,,7,55.5,248.8,4.48,2005-10-13,
Imagens James Webb,ciencia_global,Space_telescope,False,,8,180.43,790.53,4.38,2001-11-30,
Imagens James Webb,ciencia_global,Space_Telescope_Imaging_Spectrograph,False,,9,18.43,73.6,3.99,2004-08-07,
Imagens James Webb,ciencia_global,Homewood_Campus_of_Johns_Hopkins_University,False,,11,24.9,95.6,3.84,2010-11-20,
Imagens James Webb,ciencia_global,Julie_Payette,False,,12,352.5,1291.87,3.66,2003-10-27,
Imagens James Webb,ciencia_global,Herschel_Space_Observatory,False,,13,114.3,405.33,3.55,2004-11-15,
Imagens James Webb,ciencia_global,118_Peitho,False,,15,4.13,13.93,3.37,2004-06-20,
Imagens James Webb,ciencia_global,Segmented_mirror,False,,16,26.8,88.73,3.31,2006-03-10,
Imagens James Webb,ciencia_global,Near_Infrared_Camera_and_Multi-Object_Spectrometer,False,,17,25.83,72.47,2.81,2004-08-07,
Imagens James Webb,ciencia_global,Chandra_X-ray_Observatory,False,,18,231.27,609.6,2.64,2003-04-28,
Imagens James Webb,ciencia_global,Guiana_Space_Centre,False,,19,353.47,918.93,2.6,2003-02-15,
Imagens James Webb,ciencia_global,STS-61,False,,21,92.13,226.8,2.46,2004-03-04,
Imagens James Webb,ciencia_global,"European_System_Providing_Refueling,_Infrastructure_and_Telecommunications",False,,23,11.57,27.47,2.37,2011-10-18,
Imagens James Webb,ciencia_global,Kourou,False,,24,135.17,314.6,2.33,2002-07-21,
Imagens James Webb,ciencia_global,Ariane_5,False,,25,627.4,1453.73,2.32,2002-01-04,
Imagens James Webb,ciencia_global,Space_Rider,False,,26,64.17,148.47,2.31,2017-12-19,
Imagens James Webb,ciencia_global,Field_of_regard,False,,27,23.8,53.47,2.25,2015-11-25,
Imagens James Webb,ciencia_global,Nauka_(ISS_module),False,,28,106.3,226.8,2.13,2004-09-11,
Imagens James Webb,ciencia_global,Olympus-1,False,,29,15.43,30.6,1.98,2011-07-18,
Imagens James Webb,ciencia_global,International_Lunar_Observatory,False,,30,22.0,41.8,1.9,2018-03-19,
Imagens James Webb,ciencia_global,Colorado_Ultraviolet_Transit_Experiment,False,,31,3.03,5.67,1.87,2021-10-02,
Imagens James Webb,ciencia_global,Vega,False,,32,924.7,1630.6,1.76,2001-11-26,
Imagens James Webb,ciencia_global,History_of_the_Goddard_Space_Flight_Center,False,,33,11.93,20.8,1.74,2009-02-20,
Imagens James Webb,ciencia_global,Pea_galaxy,False,,34,27.8,48.2,1.73,2009-12-10,
Imagens James Webb,ciencia_global,The_Wall_Street_Journal,False,,35,1711.23,2888.67,1.69,2003-01-23,
Imagens James Webb,ciencia_global,Fiber-optic_Improved_Next-generation_Doppler_Search_for_Exo-Earths,False,,37,5.57,9.0,1.62,2011-07-21,
Imagens James Webb,ciencia_global,Space_Solar_Telescope,False,,38,8.5,12.73,1.5,2012-09-05,
Imagens James Webb,ciencia_global,2021_TP21,False,,39,3.77,5.67,1.5,2021-11-06,
Imagens James Webb,ciencia_global,Quasar,False,,40,1337.7,1959.93,1.47,2001-10-28,
Imagens James Webb,ciencia_global,NGTS-13b,False,,41,3.43,5.0,1.46,2021-03-19,
Imagens James Webb,ciencia_global,International_X-ray_Observatory,False,,42,20.0,28.73,1.44,2012-05-13,
Imagem Sagitario A,ciencia_global,Sagittarius_A*,True,,0,1436.93,17752.07,12.35,2004-07-18,2022-04-12
Imagem Sagitario A,ciencia_global,Event_Horizon_Telescope,False,,1,465.7,4229.27,9.08,2012-02-02,
Imagem Sagitario A,ciencia_global,S62_(star),False,,3,25.2,173.87,6.9,2020-01-21,
Imagem Sagitario A,ciencia_global,S55_(star),False,,4,10.47,39.33,3.76,2012-10-06,
Imagem Sagitario A,ciencia_global,Andrea_M._Ghez,False,,5,159.23,490.93,3.08,2004-06-04,
Imagem Sagitario A,ciencia_global,GCIRS_16SW,False,,6,4.07,12.53,3.08,2020-07-01,
Imagem Sagitario A,ciencia_global,Reinhard_Genzel,False,,7,85.53,242.13,2.83,2007-11-25,
Imagem Sagitario A,ciencia_global,Phoenix_Cluster,False,,8,65.83,183.0,2.78,2012-08-16,
Imagem Sagitario A,ciencia_global,Swift_J1644+57,False,,9,0.1,0.27,2.67,2011-04-21,
Imagem Sagitario A,ciencia_global,Astronomical_radio_source,False,,10,97.93,250.67,2.56,2004-11-08,
Imagem Sagitario A,ciencia_global,Kugelblitz_(astrophysics),False,,11,197.67,473.93,2.4,2006-11-08,
Imagem Sagitario A,ciencia_global,Angular_diameter,False,,12,204.37,466.13,2.28,2004-07-15,
Imagem Sagitario A,ciencia_global,MS_0735.6+7421,False,,13,53.67,118.6,2.21,2006-06-22,
Imagem Sagitario A,ciencia_global,List_of_most_massive_black_holes,False,,14,595.8,1279.47,2.15,2013-11-16,
Imagem Sagitario A,ciencia_global,Astrophysical_jet,False,,15,160.57,341.8,2.13,2005-01-03,
Imagem Sagitario A,ciencia_global,Photon_sphere,False,,16,92.47,189.4,2.05,2005-11-03,
Imagem Sagitario A,ciencia_global,Karl_Guthe_Jansky,False,,17,64.53,126.13,1.95,2003-02-06,
Imagem Sagitario A,ciencia_global,Andromeda–Milky_Way_collision,False,,18,554.13,1064.8,1.92,2006-11-12,
Imagem Sagitario A,ciencia_global,Pisces–Cetus_Supercluster_Complex,False,,19,119.87,228.53,1.91,2009-08-21,
Imagem Sagitario A,ciencia_global,Leonard–Merritt_mass_estimator,False,,20,3.97,6.6,1.66,2008-08-28,
Imagem Sagitario A,ciencia_global,Magellanic_Stream,False,,21,30.53,48.0,1.57,2005-12-18,
Imagem Sagitario A,ciencia_global,HD_187085,False,,22,2.43,3.8,1.56,2006-03-16,
Imagem Sagitario A,ciencia_global,TON_618,False,,23,125.67,195.67,1.56,2017-10-19,
Imagem Sagitario A,ciencia_global,Baade's_Window,False,,24,28.23,43.87,1.55,2006-07-11,
Imagem Sagitario A,ciencia_global,Spaghettification,False,,25,346.7,534.6,1.54,2004-09-05,
Imagem Sagitario A,ciencia_global,XTE_J1118+480,False,,26,14.17,21.87,1.54,2017-05-26,
Imagem Sagitario A,ciencia_global,Max_Planck_Institute_for_Extraterrestrial_Physics,False,,27,19.43,29.67,1.53,2004-04-23,
Imagem Sagitario A,ciencia_global,Terzan_5,False,,28,13.53,20.6,1.52,2009-12-04,
Imagem Sagitario A,ciencia_global,Helmi_stream,False,,30,10.97,16.53,1.51,2010-11-27,
Imagem Sagitario A,ciencia_global,Aperture_synthesis,False,,31,55.63,83.33,1.5,2004-08-06,
Imagem Sagitario A,ciencia_global,Virgo_Stellar_Stream,False,,32,14.93,22.47,1.5,2006-01-15,
Imagem Sagitario A,ciencia_global,Local_Volume,False,,33,2.73,4.07,1.49,2022-05-03,
Imagem Sagitario A,ciencia_global,Naked_singularity,False,,34,165.57,245.4,1.48,2001-11-20,
Imagem Sagitario A,ciencia_global,Quintuplet_Cluster,False,,35,2.0,2.93,1.47,2008-06-13,
Imagem Sagitario A,ciencia_global,Black_hole_starship,False,,36,92.77,135.6,1.46,2009-11-25,
Pouso Perseverance Marte,ciencia_global,Perseverance_(rover),True,,0,3662.6,46646.2,12.74,2020-03-06,2021-01-19
Pouso Perseverance Marte,ciencia_global,Ingenuity_(helicopter),False,,1,3.2,2421.07,756.58,2018-01-14,
Pouso Perseverance Marte,ciencia_global,Hazcam,False,,2,17.07,383.4,22.46,2005-07-12,
Pouso Perseverance Marte,ciencia_global,Sojourner_(rover),False,,4,529.83,6305.8,11.9,2012-08-11,
Pouso Perseverance Marte,ciencia_global,Jezero_(crater),False,,5,814.87,9292.2,11.4,2007-11-03,
Pouso Perseverance Marte,ciencia_global,PowerPC_7xx,False,,6,71.63,745.53,10.41,2003-03-07,
Pouso Perseverance Marte,ciencia_global,Mars_Helicopter_Ingenuity,False,,7,1418.47,14720.6,10.38,2018-01-14,
Pouso Perseverance Marte,ciencia_global,Schiaparelli_EDM,False,,8,90.3,907.0,10.04,2015-12-29,
Pouso Perseverance Marte,ciencia_global,Scanning_Habitable_Environments_with_Raman_and_Luminescence_for_Organics_and_Chemicals,False,,9,29.23,289.8,9.91,2014-08-01,
Pouso Perseverance Marte,ciencia_global,Navcam,False,,10,17.5,172.4,9.85,2013-01-03,
Pouso Perseverance Marte,ciencia_global,Timeline_of_Mars_Science_Laboratory,False,,11,135.13,1328.53,9.83,2012-08-08,
Pouso Perseverance Marte,ciencia_global,List_of_artificial_objects_on_Mars,False,,12,238.03,2308.4,9.7,2005-03-21,
Pouso Perseverance Marte,ciencia_global,Syrtis_Major_quadrangle,False,,13,26.9,254.0,9.44,2009-02-15,
Pouso Perseverance Marte,ciencia_global,Curiosity_(rover),False,,14,2211.8,18895.4,8.54,2012-08-06,
Pouso Perseverance Marte,ciencia_global,Sky-Sailor,False,,16,29.63,241.13,8.14,2009-10-15,
Pouso Perseverance Marte,ciencia_global,Sol_(day_on_Mars),False,,17,427.27,3109.67,7.28,2018-04-25,
Pouso Perseverance Marte,ciencia_global,Mars_Exploration_Program,False,,18,136.43,978.67,7.17,2011-07-23,
Pouso Perseverance Marte,ciencia_global,Mars_Pathfinder,False,,20,485.4,3401.67,7.01,2003-01-31,
Pouso Perseverance Marte,ciencia_global,Mars_Surveyor_2001,False,,21,12.0,80.27,6.69,2004-02-07,
Pouso Perseverance Marte,ciencia_global,Mars_Polar_Lander,False,,23,146.9,920.07,6.26,2003-12-06,
Pouso Perseverance Marte,ciencia_global,Mars_Science_Laboratory,False,,24,389.53,2331.8,5.99,2004-02-03,
Pouso Perseverance Marte,ciencia_global,Mars_2,False,,25,225.1,1315.47,5.84,2002-10-08,
Pouso Perseverance Marte,ciencia_global,Mars_Exploration_Rover,False,,26,462.6,2480.4,5.36,2003-06-25,
Pouso Perseverance Marte,ciencia_global,Lynn_Carter,False,,27,0.1,0.53,5.33,2026-03-22,
Pouso Perseverance Marte,ciencia_global,Kazachok,False,,28,65.5,323.87,4.94,2016-03-14,
Pouso Perseverance Marte,ciencia_global,Voyager_program_(Mars),False,,29,25.2,117.33,4.66,2003-07-21,
Pouso Perseverance Marte,ciencia_global,Mars-Grunt,False,,30,32.37,148.87,4.6,2012-04-30,
Pouso Perseverance Marte,ciencia_global,InSight,False,,31,571.2,2508.87,4.39,2011-12-02,
Pouso Perseverance Marte,ciencia_global,VxWorks,False,,32,308.2,1321.07,4.29,2002-12-12,
Pouso Perseverance Marte,ciencia_global,Mariner_4,False,,33,204.87,877.33,4.28,2001-10-03,
Pouso Perseverance Marte,ciencia_global,Mars_Astrobiology_Explorer-Cacher,False,,34,21.97,93.67,4.26,2009-11-09,
Pouso Perseverance Marte,ciencia_global,Mars_aircraft,False,,35,48.6,206.27,4.24,2012-02-17,
Pouso Perseverance Marte,ciencia_global,Cape_Canaveral_Space_Launch_Complex_41,False,,36,63.4,258.27,4.07,2006-06-24,
Pouso Perseverance Marte,ciencia_global,Mars_Observer,False,,37,67.07,272.13,4.06,2002-09-09,
Pouso Perseverance Marte,ciencia_global,Timekeeping_on_Mars,False,,38,375.8,1522.93,4.05,2005-04-23,
Lancamento Artemis I,ciencia_global,Artemis_I,True,,0,121.2,662.13,5.46,2012-08-05,2022-10-17
Lancamento Artemis I,ciencia_global,Arturo_Campos,False,,1,17.77,368.93,20.77,2021-07-01,
Lancamento Artemis I,ciencia_global,OMOTENASHI,False,,2,35.87,629.87,17.56,2017-11-24,
Lancamento Artemis I,ciencia_global,StemRad,False,,3,18.77,325.33,17.34,2014-07-31,
Lancamento Artemis I,ciencia_global,List_of_Artemis_missions,False,,4,179.57,1901.53,10.59,2019-07-23,
Lancamento Artemis I,ciencia_global,Artemis_III,False,,5,7.37,69.13,9.38,2016-05-09,
Lancamento Artemis I,ciencia_global,LunIR,False,,6,18.43,152.73,8.29,2015-05-27,
Lancamento Artemis I,ciencia_global,Lunar_Polar_Hydrogen_Mapper,False,,7,18.47,144.73,7.84,2016-03-19,
Lancamento Artemis I,ciencia_global,Delta_Cryogenic_Second_Stage,False,,8,53.7,392.2,7.3,2011-01-25,
Lancamento Artemis I,ciencia_global,BioSentinel,False,,9,21.67,158.0,7.29,2015-05-25,
Lancamento Artemis I,ciencia_global,Artemis_program,False,,10,1995.17,14262.2,7.15,2019-05-14,
Lancamento Artemis I,ciencia_global,Starship_HLS,False,,12,335.7,2269.2,6.76,2020-05-21,
Lancamento Artemis I,ciencia_global,Peregrine_Mission_One,False,,13,5.73,31.47,5.49,2019-08-14,
Lancamento Artemis I,ciencia_global,Earth_Escape_Explorer,False,,14,12.37,64.6,5.22,2017-11-21,
Lancamento Artemis I,ciencia_global,Kennedy_Space_Center_Launch_Complex_39B,False,,15,147.03,651.93,4.43,2006-12-14,
Lancamento Artemis I,ciencia_global,Lunar_orbit,False,,18,148.93,610.73,4.1,2006-07-10,
Lancamento Artemis I,ciencia_global,Trans-lunar_injection,False,,19,135.47,554.07,4.09,2002-09-15,
Lancamento Artemis I,ciencia_global,Sample-return_mission,False,,20,68.07,252.6,3.71,2005-09-15,
Lancamento Artemis I,ciencia_global,Asteroid_Redirect_Mission,False,,21,54.9,201.4,3.67,2013-04-11,
Lancamento Artemis I,ciencia_global,Argotec,False,,22,10.6,34.6,3.26,2017-05-19,
Lancamento Artemis I,ciencia_global,KH-11_KENNEN,False,,23,196.67,640.0,3.25,2004-04-24,
Lancamento Artemis I,ciencia_global,Constellation_program,False,,24,219.53,675.13,3.08,2004-02-04,
Lancamento Artemis I,ciencia_global,Pad_Abort-1,False,,25,8.73,26.4,3.02,2009-04-16,
Lancamento Artemis I,ciencia_global,Solid_rocket_booster,False,,27,137.1,362.93,2.65,2004-04-02,
Lancamento Artemis I,ciencia_global,Human_Landing_System,False,,28,6.63,16.73,2.52,2021-09-12,
Lancamento Artemis I,ciencia_global,Chinese_Lunar_Exploration_Program,False,,29,208.37,519.73,2.49,2006-07-08,
Lancamento Artemis I,ciencia_global,Space_Shuttle_Orbital_Maneuvering_System,False,,30,68.23,157.27,2.3,2002-09-15,
Lancamento Artemis I,ciencia_global,Apollo_17,False,,31,1068.83,2434.13,2.28,2001-09-23,
Lancamento Artemis I,ciencia_global,Sphere_of_influence_(astrodynamics),False,,32,71.23,144.13,2.02,2004-10-09,
Lancamento Artemis I,ciencia_global,Next_Space_Technologies_for_Exploration_Partnerships,False,,33,16.53,32.2,1.95,2016-08-10,
Lancamento Artemis I,ciencia_global,Heliocentric_orbit,False,,36,136.2,251.8,1.85,2005-06-30,
Lancamento Artemis I,ciencia_global,VIPER_(rover),False,,37,58.3,106.8,1.83,2019-10-26,
Lancamento Artemis I,ciencia_global,Vehicle_Assembly_Building,False,,38,276.63,487.27,1.76,2003-07-15,
Lancamento Artemis I,ciencia_global,Eastern_Range,False,,39,53.33,92.2,1.73,2006-08-19,
Lancamento Artemis I,ciencia_global,Saturn_V,False,,40,1867.83,3198.2,1.71,2002-01-05,
Lancamento Artemis I,ciencia_global,Artemis_1,False,Artemis_I,0,3216.93,42159.4,13.11,2012-08-05,2022-10-17
Impacto sonda DART,ciencia_global,Double_Asteroid_Redirection_Test,True,,0,1445.83,22417.6,15.5,2017-06-30,2022-08-27
Impacto sonda DART,ciencia_global,LICIACube,False,,2,162.03,2436.73,15.04,2021-11-20,
Impacto sonda DART,ciencia_global,65803_Didymos,False,,3,482.27,5321.47,11.03,2008-03-20,
Impacto sonda DART,ciencia_global,AIDA_(international_space_cooperation),False,,6,25.5,93.2,3.65,2012-08-12,
Impacto sonda DART,ciencia_global,AIDA_(mission),False,,7,38.07,134.93,3.54,2012-08-12,
Impacto sonda DART,ciencia_global,Asteroid_impact_avoidance,False,,8,521.13,1512.47,2.9,2003-01-24,
Impacto sonda DART,ciencia_global,ASTERISC,False,,11,5.33,13.6,2.55,2021-09-28,
Impacto sonda DART,ciencia_global,SpaceX_Crew-6,False,,12,209.77,519.07,2.47,2021-12-17,
Impacto sonda DART,ciencia_global,List_of_SES_satellites,False,,14,32.53,73.6,2.26,2016-03-26,
Impacto sonda DART,ciencia_global,Potentially_hazardous_object,False,,16,151.47,330.33,2.18,2004-10-27,
Impacto sonda DART,ciencia_global,SpaceX_CRS-10,False,,17,19.73,42.6,2.16,2015-03-07,
Impacto sonda DART,ciencia_global,SpaceX_CRS-13,False,,18,19.0,39.93,2.1,2015-03-11,
Impacto sonda DART,ciencia_global,Torino_scale,False,,19,171.6,358.67,2.09,2001-09-15,
Impacto sonda DART,ciencia_global,Near-Earth_object,False,,20,337.47,688.67,2.04,2001-09-15,
Impacto sonda DART,ciencia_global,Italian_Space_Agency,False,,21,97.67,196.0,2.01,2004-06-11,
Impacto sonda DART,ciencia_global,GomSpace,False,,22,12.37,24.73,2.0,2018-01-28,
Impacto sonda DART,ciencia_global,Johns_Hopkins_University_Applied_Physics_Laboratory,False,,23,6.7,13.07,1.95,2005-09-02,
Impacto sonda DART,ciencia_global,Asteroid_laser_ablation,False,,24,12.2,23.07,1.89,2016-01-20,
Impacto sonda DART,ciencia_global,Impact_event,False,,25,884.37,1581.6,1.79,2002-07-23,
Impacto sonda DART,ciencia_global,Jupiter,False,,26,7073.27,12675.73,1.79,2001-11-05,
Impacto sonda DART,ciencia_global,List_of_Intelsat_satellites,False,,27,29.47,51.93,1.76,2009-06-30,
Impacto sonda DART,ciencia_global,Mars_Orbiter_Mission,False,,30,1689.9,2763.53,1.64,2012-08-04,
Impacto sonda DART,ciencia_global,SpaceX_CRS-23,False,,31,22.27,36.27,1.63,2020-09-27,
Impacto sonda DART,ciencia_global,Spainsat_NG,False,,32,4.73,7.67,1.62,2020-10-24,
Impacto sonda DART,ciencia_global,SpaceX_CRS-26,False,,33,45.07,71.6,1.59,2021-04-04,
Impacto sonda DART,ciencia_global,Juno_(spacecraft),False,,34,527.2,833.93,1.58,2005-06-02,
Impacto sonda DART,ciencia_global,SpaceX_Crew-3,False,,35,139.83,219.0,1.57,2020-11-16,
Impacto sonda DART,ciencia_global,SpaceX_Crew-2,False,,36,107.23,165.53,1.54,2020-06-24,
Impacto sonda DART,ciencia_global,GMV_(company),False,,37,21.37,32.73,1.53,2007-09-13,
Impacto sonda DART,ciencia_global,Ekspress-AMU7,False,,39,3.57,5.4,1.51,2021-04-24,
Impacto sonda DART,ciencia_global,Centaurus_(spacecraft),False,,40,0.13,0.2,1.5,2019-10-12,
Impacto sonda DART,ciencia_global,Europa_Clipper,False,,41,389.8,575.53,1.48,2013-12-13,
Impacto sonda DART,ciencia_global,Cygnus_NG-15,False,,42,13.73,20.13,1.47,2020-03-10,
Impacto sonda DART,ciencia_global,KOSEN-1,False,,44,2.83,4.13,1.46,2021-09-30,
Impacto sonda DART,ciencia_global,ASTER_(spacecraft),False,,45,8.43,12.27,1.45,2019-01-23,
Pouso Chandrayaan-3,ciencia_global,Chandrayaan-3,True,,0,38491.17,271373.53,7.05,2019-11-15,2023-07-24
Pouso Chandrayaan-3,ciencia_global,Venus_Orbiter_Mission,False,,1,108.77,2278.87,20.95,2015-07-03,
Pouso Chandrayaan-3,ciencia_global,List_of_chairmen_of_the_Indian_Space_Research_Organisation,False,,2,17.43,179.2,10.28,2009-08-14,
Pouso Chandrayaan-3,ciencia_global,Lunar_south_pole,False,,3,1908.87,19521.53,10.23,2008-11-15,
Pouso Chandrayaan-3,ciencia_global,List_of_Solar_System_probes,False,,4,476.13,4429.73,9.3,2004-07-06,
Pouso Chandrayaan-3,ciencia_global,Chandrayaan-1,False,,5,7023.93,51245.4,7.3,2004-09-28,
Pouso Chandrayaan-3,ciencia_global,Smart_Lander_for_Investigating_Moon,False,,6,160.2,1064.53,6.65,2016-06-27,
Pouso Chandrayaan-3,ciencia_global,Vikas_(rocket_engine),False,,7,372.9,2297.93,6.16,2008-12-29,
Pouso Chandrayaan-3,ciencia_global,Satish_Dhawan_Space_Centre,False,,8,1537.5,9437.2,6.14,2005-08-20,
Pouso Chandrayaan-3,ciencia_global,Indian_Martian_Exploration_Programme,False,,10,73.13,414.27,5.66,2023-07-22,
Pouso Chandrayaan-3,ciencia_global,Department_of_Space,False,,11,314.33,1764.87,5.61,2006-04-14,
Pouso Chandrayaan-3,ciencia_global,List_of_missions_to_the_Moon,False,,12,4794.23,26903.13,5.61,2013-01-21,
Pouso Chandrayaan-3,ciencia_global,Mars_Orbiter_Mission,False,,13,4001.77,22427.73,5.6,2012-08-04,
Pouso Chandrayaan-3,ciencia_global,Yutu-2,False,,14,170.53,930.53,5.46,2019-01-06,
Pouso Chandrayaan-3,ciencia_global,Manzinus_(crater),False,,15,88.43,460.27,5.2,2005-03-08,
Pouso Chandrayaan-3,ciencia_global,List_of_missions_to_Mars,False,,16,1207.23,5898.0,4.89,2012-02-15,
Pouso Chandrayaan-3,ciencia_global,Indian_Human_Spaceflight_Programme,False,,18,507.2,2340.07,4.61,2006-11-07,
Pouso Chandrayaan-3,ciencia_global,Polar_Satellite_Launch_Vehicle,False,,19,1200.17,5462.2,4.55,2002-09-18,
Pouso Chandrayaan-3,ciencia_global,Emirates_Lunar_Mission,False,,20,120.33,459.53,3.82,2020-09-29,
Pouso Chandrayaan-3,ciencia_global,CE-20,False,,21,226.0,859.4,3.8,2009-08-25,
Pouso Chandrayaan-3,ciencia_global,Rover_(space_exploration),False,,22,378.7,1373.27,3.63,2007-03-27,
Pouso Chandrayaan-3,ciencia_global,Astrosat,False,,23,107.93,390.4,3.62,2007-01-23,
Pouso Chandrayaan-3,ciencia_global,Institute_of_Space_and_Astronautical_Science,False,,24,71.87,253.13,3.52,2005-04-22,
Pouso Chandrayaan-3,ciencia_global,Rohini_(satellite),False,,25,138.7,487.2,3.51,2006-01-06,
Pouso Chandrayaan-3,ciencia_global,Physical_Research_Laboratory,False,,26,118.73,412.33,3.47,2005-12-30,
Pouso Chandrayaan-3,ciencia_global,Japanese_Lunar_Exploration_Program,False,,27,25.13,81.87,3.26,2012-06-22,
Pouso Chandrayaan-3,ciencia_global,Geosynchronous_Satellite_Launch_Vehicle,False,,28,586.27,1890.0,3.22,2004-09-21,
Pouso Chandrayaan-3,ciencia_global,GSAT-20,False,,29,40.8,129.8,3.18,2017-05-27,
Pouso Chandrayaan-3,ciencia_global,Laser-induced_breakdown_spectroscopy,False,,30,88.87,280.27,3.15,2005-03-15,
Pouso Chandrayaan-3,ciencia_global,Ariane_Passenger_Payload_Experiment,False,,31,32.67,98.33,3.01,2005-08-12,
Pouso Chandrayaan-3,ciencia_global,Axiom_Mission_2,False,,32,168.1,503.53,3.0,2021-05-25,
Pouso Chandrayaan-3,ciencia_global,List_of_GSLV_launches,False,,34,118.77,344.67,2.9,2020-12-14,
Pouso Chandrayaan-3,ciencia_global,South_Asia_Satellite,False,,35,41.57,119.2,2.87,2015-04-22,
Pouso Chandrayaan-3,ciencia_global,Lunar_Lander_(spacecraft),False,,36,25.77,73.67,2.86,2010-08-17,
Pouso Chandrayaan-3,ciencia_global,Space_Applications_Centre,False,,38,65.67,186.6,2.84,2006-05-20,
Ignicao fusao nuclear,ciencia_global,National_Ignition_Facility,True,,0,555.23,8836.73,15.92,2003-10-09,2022-11-13
Ignicao fusao nuclear,ciencia_global,Andrea_Lynn_Kritcher,False,,1,3.37,526.07,156.26,2022-12-10,
Ignicao fusao nuclear,ciencia_global,Burning_plasma,False,,3,32.5,257.33,7.92,2022-01-26,
Ignicao fusao nuclear,ciencia_global,Fusion_energy_gain_factor,False,,4,313.67,2164.6,6.9,2005-04-03,
Ignicao fusao nuclear,ciencia_global,Inertial_confinement_fusion,False,,7,504.77,2564.6,5.08,2002-02-25,
Ignicao fusao nuclear,ciencia_global,KMS_Fusion,False,,10,10.03,41.8,4.17,2013-12-16,
Ignicao fusao nuclear,ciencia_global,Nuclear_fusion,False,,11,2370.53,9547.27,4.03,2001-08-15,
Ignicao fusao nuclear,ciencia_global,Nova_(laser),False,,12,31.93,125.67,3.94,2005-09-18,
Ignicao fusao nuclear,ciencia_global,Field-reversed_configuration,False,,13,58.9,229.8,3.9,2005-04-11,
Ignicao fusao nuclear,ciencia_global,Stockpile_stewardship,False,,14,39.73,150.0,3.78,2004-09-19,
Ignicao fusao nuclear,ciencia_global,LASNEX,False,,15,4.17,15.13,3.63,2013-11-07,
Ignicao fusao nuclear,ciencia_global,T-15_(reactor),False,,16,26.97,92.47,3.43,2005-01-19,
Ignicao fusao nuclear,ciencia_global,Deuterium–tritium_fusion,False,,17,137.0,467.87,3.42,2020-12-11,
Ignicao fusao nuclear,ciencia_global,List_of_fusion_experiments,False,,18,88.7,302.87,3.41,2005-04-11,
Ignicao fusao nuclear,ciencia_global,George_H._Miller_(physicist),False,,19,4.43,14.93,3.37,2006-05-15,
Ignicao fusao nuclear,ciencia_global,Project_PACER,False,,20,47.07,149.67,3.18,2004-09-26,
Ignicao fusao nuclear,ciencia_global,ZETA_(fusion_reactor),False,,21,37.8,114.0,3.02,2005-11-05,
Ignicao fusao nuclear,ciencia_global,Magnetic_confinement_fusion,False,,22,209.13,627.73,3.0,2005-04-04,
Ignicao fusao nuclear,ciencia_global,Joint_European_Torus,False,,23,191.2,570.53,2.98,2003-07-05,
Ignicao fusao nuclear,ciencia_global,Aneutronic_fusion,False,,24,181.37,538.07,2.97,2005-03-21,
Ignicao fusao nuclear,ciencia_global,Tokamak,False,,25,886.5,2565.87,2.89,2002-01-03,
Ignicao fusao nuclear,ciencia_global,Ernest_Lawrence,False,,26,346.33,990.93,2.86,2002-02-16,
Ignicao fusao nuclear,ciencia_global,Jennifer_Granholm,False,,27,904.1,2523.27,2.79,2003-12-24,
Ignicao fusao nuclear,ciencia_global,ARC_fusion_reactor,False,,28,102.83,283.93,2.76,2015-08-12,
Ignicao fusao nuclear,ciencia_global,KSTAR,False,,29,47.73,131.4,2.75,2006-05-21,
Ignicao fusao nuclear,ciencia_global,Heavy_ion_fusion,False,,30,15.57,42.47,2.73,2021-03-24,
Ignicao fusao nuclear,ciencia_global,ITER,False,,31,1168.77,3173.13,2.71,2003-07-05,
Ignicao fusao nuclear,ciencia_global,PROTO_(fusion_reactor),False,,32,17.77,47.53,2.68,2016-02-16,
Ignicao fusao nuclear,ciencia_global,Magnetized_target_fusion,False,,33,59.4,157.47,2.65,2008-02-13,
Ignicao fusao nuclear,ciencia_global,China_Fusion_Engineering_Test_Reactor,False,,34,68.27,177.93,2.61,2018-05-30,
Ignicao fusao nuclear,ciencia_global,Edward_Teller,False,,35,842.7,2082.93,2.47,2002-02-08,
Ignicao fusao nuclear,ciencia_global,Spherical_Tokamak_for_Energy_Production,False,,36,34.17,83.07,2.43,2019-10-24,
Ignicao fusao nuclear,ciencia_global,SPARC_(tokamak),False,,37,77.43,188.0,2.43,2018-06-15,
Ignicao fusao nuclear,ciencia_global,Mega_Ampere_Spherical_Tokamak,False,,39,33.93,79.27,2.34,2005-05-19,
Ignicao fusao nuclear,ciencia_global,Fusor,False,,40,232.7,545.47,2.34,2002-03-05,
Primeiro voo Starship,ciencia_global,SpaceX_Starship,True,,0,8131.03,36659.6,4.51,2018-11-21,2023-03-21
Primeiro voo Starship,ciencia_global,SpaceX_Starship_(spacecraft),False,,1,0,155.73,999,2023-04-29,
Primeiro voo Starship,ciencia_global,Range_safety,False,,2,104.1,960.0,9.22,2008-03-24,
Primeiro voo Starship,ciencia_global,N1_(rocket),False,,4,927.23,4496.27,4.85,2004-06-04,
Primeiro voo Starship,ciencia_global,Falcon_Heavy,False,,6,1177.43,4141.53,3.52,2011-04-05,
Primeiro voo Starship,ciencia_global,Vandenberg_Space_Launch_Complex_6,False,,7,85.57,293.2,3.43,2006-02-07,
Primeiro voo Starship,ciencia_global,Boca_Chica_(Texas),False,,8,521.8,1555.13,2.98,2020-08-12,
Primeiro voo Starship,ciencia_global,RD-270,False,,10,45.5,122.07,2.68,2007-05-28,
Primeiro voo Starship,ciencia_global,Mars_Colonial_Transporter,False,,11,10.37,27.2,2.62,2023-11-14,
Primeiro voo Starship,ciencia_global,"Starbase,_Texas",False,,12,13.33,34.73,2.6,2014-01-12,
Primeiro voo Starship,ciencia_global,SpaceX,False,,13,5357.47,12344.2,2.3,2004-07-16,
Primeiro voo Starship,ciencia_global,Saturn_(rocket_family),False,,16,178.5,374.13,2.1,2003-12-04,
Primeiro voo Starship,ciencia_global,SpaceX_launch_vehicles,False,,21,234.37,469.67,2.0,2011-12-13,
Primeiro voo Starship,ciencia_global,SpaceX_Draco,False,,22,41.93,82.73,1.97,2008-12-11,
Primeiro voo Starship,ciencia_global,Gimbaled_thrust,False,,23,51.83,98.53,1.9,2006-01-07,
Primeiro voo Starship,ciencia_global,STARGATE,False,,24,15.83,30.0,1.89,2014-09-29,
Primeiro voo Starship,ciencia_global,Superbird-9,False,,25,60.07,106.2,1.77,2021-03-29,
Primeiro voo Starship,ciencia_global,Falcon_9_v1.0,False,,26,50.53,89.4,1.77,2013-10-04,
Primeiro voo Starship,ciencia_global,Universal_Rocket,False,,28,69.4,115.73,1.67,2008-05-07,
Primeiro voo Starship,ciencia_global,Tim_Dodd,False,,29,167.4,274.73,1.64,2018-12-16,
Primeiro voo Starship,ciencia_global,Advanced_Research_and_Conventional_Technology_Utilization_Spacecraft,False,,31,4.0,6.33,1.58,2007-12-10,
Primeiro voo Starship,ciencia_global,"McGregor,_Texas",False,,32,63.9,97.87,1.53,2002-11-24,
Primeiro voo Starship,ciencia_global,Heavy-lift_launch_vehicle,False,,33,225.77,345.4,1.53,2005-10-21,
Primeiro voo Starship,ciencia_global,Tianzhou_(spacecraft),False,,34,27.07,40.87,1.51,2015-06-03,
Primeiro voo Starship,ciencia_global,Delta_IV,False,,35,182.67,271.0,1.48,2004-05-11,
Primeiro voo Starship,ciencia_global,Crew_Dragon_Endeavour,False,,36,99.63,142.8,1.43,2020-06-10,
Primeiro voo Starship,ciencia_global,X_Corp.,False,,37,2304.2,3250.53,1.41,2023-04-11,
Primeiro voo Starship,ciencia_global,Orienspace,False,,38,11.6,16.2,1.4,2022-01-31,
Primeiro voo Starship,ciencia_global,Soyuz_GVK,False,,39,8.83,12.33,1.4,2019-01-02,
Primeiro voo Starship,ciencia_global,Space_and_survival,False,,40,74.73,103.67,1.39,2004-08-13,
Primeiro voo Starship,ciencia_global,Proton-M,False,,42,184.03,246.67,1.34,2007-09-07,
Primeiro voo Starship,ciencia_global,Vanguard_(rocket),False,,43,99.57,132.4,1.33,2004-08-05,
Primeiro voo Starship,ciencia_global,Delta_(rocket_family),False,,44,105.9,140.27,1.32,2004-01-07,
Primeiro voo Starship,ciencia_global,List_of_Starlink_and_Starshield_launches,False,,45,255.07,333.53,1.31,2021-07-06,
Primeiro voo Starship,ciencia_global,Composite_overwrapped_pressure_vessel,False,,46,46.5,59.47,1.28,2008-10-20,
Primeiro voo Starship,ciencia_global,SpaceX_Starship_development,False,SpaceX_Starship,0,466.4,1739.47,3.73,2018-11-21,2023-03-21
Primeiro voo Starship,ciencia_global,Starship_development_history,False,SpaceX_Starship,0,141.97,283.53,2.0,2018-11-21,2023-03-21
