nome_evento,categoria,artigo_wikipedia,tipo_acesso,tipo_agente,data_inicio_extracao,data_fim_extracao
Terremoto Turquia-Siria,desastre_natural,2023_Turkey–Syria_earthquakes,desktop,user,2023-01-07,2025-08-06
Terremoto Turquia-Siria,desastre_natural,2023_Turkey–Syria_earthquakes,desktop,spider,2023-01-07,2025-08-06
Terremoto Turquia-Siria,desastre_natural,2023_Turkey–Syria_earthquakes,desktop,automated,2023-01-07,2025-08-06
Terremoto Turquia-Siria,desastre_natural,2023_Turkey–Syria_earthquakes,mobile-web,user,2023-01-07,2025-08-06
Terremoto Turquia-Siria,desastre_natural,2023_Turkey–Syria_earthquakes,mobile-web,spider,2023-01-07,2025-08-06
Terremoto Turquia-Siria,desastre_natural,2023_Turkey–Syria_earthquakes,mobile-web,automated,2023-01-07,2025-08-06
Terremoto Turquia-Siria,desastre_natural,2023_Turkey–Syria_earthquakes,mobile-app,user,2023-01-07,2025-08-06
Terremoto Turquia-Siria,desastre_natural,2023_Turkey–Syria_earthquakes,mobile-app,spider,2023-01-07,2025-08-06
Terremoto Turquia-Siria,desastre_natural,2023_Turkey–Syria_earthquakes,mobile-app,automated,2023-01-07,2025-08-06
Terremoto Turquia-Siria,desastre_natural,Turkey,desktop,user,2023-01-07,2025-08-06
Terremoto Turquia-Siria,desastre_natural,Turkey,desktop,spider,2023-01-07,2025-08-06
Terremoto Turquia-Siria,desastre_natural,Turkey,desktop,automated,2023-01-07,2025-08-06
Terremoto Turquia-Siria,desastre_natural,Turkey,mobile-web,user,2023-01-07,2025-08-06
Terremoto Turquia-Siria,desastre_natural,Turkey,mobile-web,spider,2023-01-07,2025-08-06
Terremoto Turquia-Siria,desastre_natural,Turkey,mobile-web,automated,2023-01-07,2025-08-06
Terremoto Turquia-Siria,desastre_natural,Turkey,mobile-app,user,2023-01-07,2025-08-06
Terremoto Turquia-Siria,desastre_natural,Turkey,mobile-app,spider,2023-01-07,2025-08-06
Terremoto Turquia-Siria,desastre_natural,Turkey,mobile-app,automated,2023-01-07,2025-08-06
Terremoto Turquia-Siria,desastre_natural,Syria,desktop,user,2023-01-07,2025-08-06
Terremoto Turquia-Siria,desastre_natural,Syria,desktop,spider,2023-01-07,2025-08-06
Terremoto Turquia-Siria,desastre_natural,Syria,desktop,automated,2023-01-07,2025-08-06
Terremoto Turquia-Siria,desastre_natural,Syria,mobile-web,user,2023-01-07,2025-08-06
Terremoto Turquia-Siria,desastre_natural,Syria,mobile-web,spider,2023-01-07,2025-08-06
Terremoto Turquia-Siria,desastre_natural,Syria,mobile-web,automated,2023-01-07,2025-08-06
Terremoto Turquia-Siria,desastre_natural,Syria,mobile-app,user,2023-01-07,2025-08-06
Terremoto Turquia-Siria,desastre_natural,Syria,mobile-app,spider,2023-01-07,2025-08-06
Terremoto Turquia-Siria,desastre_natural,Syria,mobile-app,automated,2023-01-07,2025-08-06
Terremoto Turquia-Siria,desastre_natural,Kahramanmaraş,desktop,user,2023-01-07,2025-08-06
Terremoto Turquia-Siria,desastre_natural,Kahramanmaraş,desktop,spider,2023-01-07,2025-08-06
Terremoto Turquia-Siria,desastre_natural,Kahramanmaraş,desktop,automated,2023-01-07,2025-08-06
Terremoto Turquia-Siria,desastre_natural,Kahramanmaraş,mobile-web,user,2023-01-07,2025-08-06
Terremoto Turquia-Siria,desastre_natural,Kahramanmaraş,mobile-web,spider,2023-01-07,2025-08-06
Terremoto Turquia-Siria,desastre_natural,Kahramanmaraş,mobile-web,automated,2023-01-07,2025-08-06
Terremoto Turquia-Siria,desastre_natural,Kahramanmaraş,mobile-app,user,2023-01-07,2025-08-06
Terremoto Turquia-Siria,desastre_natural,Kahramanmaraş,mobile-app,spider,2023-01-07,2025-08-06
Terremoto Turquia-Siria,desastre_natural,Kahramanmaraş,mobile-app,automated,2023-01-07,2025-08-06
Terremoto Turquia-Siria,desastre_natural,Gaziantep,desktop,user,2023-01-07,2025-08-06
Terremoto Turquia-Siria,desastre_natural,Gaziantep,desktop,spider,2023-01-07,2025-08-06
Terremoto Turquia-Siria,desastre_natural,Gaziantep,desktop,automated,2023-01-07,2025-08-06
Terremoto Turquia-Siria,desastre_natural,Gaziantep,mobile-web,user,2023-01-07,2025-08-06
Terremoto Turquia-Siria,desastre_natural,Gaziantep,mobile-web,spider,2023-01-07,2025-08-06
Terremoto Turquia-Siria,desastre_natural,Gaziantep,mobile-web,automated,2023-01-07,2025-08-06
Terremoto Turquia-Siria,desastre_natural,Gaziantep,mobile-app,user,2023-01-07,2025-08-06
Terremoto Turquia-Siria,desastre_natural,Gaziantep,mobile-app,spider,2023-01-07,2025-08-06
Terremoto Turquia-Siria,desastre_natural,Gaziantep,mobile-app,automated,2023-01-07,2025-08-06
Terremoto Turquia-Siria,desastre_natural,Aleppo,desktop,user,2023-01-07,2025-08-06
Terremoto Turquia-Siria,desastre_natural,Aleppo,desktop,spider,2023-01-07,2025-08-06
Terremoto Turquia-Siria,desastre_natural,Aleppo,desktop,automated,2023-01-07,2025-08-06
Terremoto Turquia-Siria,desastre_natural,Aleppo,mobile-web,user,2023-01-07,2025-08-06
Terremoto Turquia-Siria,desastre_natural,Aleppo,mobile-web,spider,2023-01-07,2025-08-06
Terremoto Turquia-Siria,desastre_natural,Aleppo,mobile-web,automated,2023-01-07,2025-08-06
Terremoto Turquia-Siria,desastre_natural,Aleppo,mobile-app,user,2023-01-07,2025-08-06
Terremoto Turquia-Siria,desastre_natural,Aleppo,mobile-app,spider,2023-01-07,2025-08-06
Terremoto Turquia-Siria,desastre_natural,Aleppo,mobile-app,automated,2023-01-07,2025-08-06
Terremoto Turquia-Siria,desastre_natural,Recep_Tayyip_Erdoğan,desktop,user,2023-01-07,2025-08-06
Terremoto Turquia-Siria,desastre_natural,Recep_Tayyip_Erdoğan,desktop,spider,2023-01-07,2025-08-06
Terremoto Turquia-Siria,desastre_natural,Recep_Tayyip_Erdoğan,desktop,automated,2023-01-07,2025-08-06
Terremoto Turquia-Siria,desastre_natural,Recep_Tayyip_Erdoğan,mobile-web,user,2023-01-07,2025-08-06
Terremoto Turquia-Siria,desastre_natural,Recep_Tayyip_Erdoğan,mobile-web,spider,2023-01-07,2025-08-06
Terremoto Turquia-Siria,desastre_natural,Recep_Tayyip_Erdoğan,mobile-web,automated,2023-01-07,2025-08-06
Terremoto Turquia-Siria,desastre_natural,Recep_Tayyip_Erdoğan,mobile-app,user,2023-01-07,2025-08-06
Terremoto Turquia-Siria,desastre_natural,Recep_Tayyip_Erdoğan,mobile-app,spider,2023-01-07,2025-08-06
Terremoto Turquia-Siria,desastre_natural,Recep_Tayyip_Erdoğan,mobile-app,automated,2023-01-07,2025-08-06
Terremoto Turquia-Siria,desastre_natural,Hatay_Province,desktop,user,2023-01-07,2025-08-06
Terremoto Turquia-Siria,desastre_natural,Hatay_Province,desktop,spider,2023-01-07,2025-08-06
Terremoto Turquia-Siria,desastre_natural,Hatay_Province,desktop,automated,2023-01-07,2025-08-06
Terremoto Turquia-Siria,desastre_natural,Hatay_Province,mobile-web,user,2023-01-07,2025-08-06
Terremoto Turquia-Siria,desastre_natural,Hatay_Province,mobile-web,spider,2023-01-07,2025-08-06
Terremoto Turquia-Siria,desastre_natural,Hatay_Province,mobile-web,automated,2023-01-07,2025-08-06
Terremoto Turquia-Siria,desastre_natural,Hatay_Province,mobile-app,user,2023-01-07,2025-08-06
Terremoto Turquia-Siria,desastre_natural,Hatay_Province,mobile-app,spider,2023-01-07,2025-08-06
Terremoto Turquia-Siria,desastre_natural,Hatay_Province,mobile-app,automated,2023-01-07,2025-08-06
Terremoto Turquia-Siria,desastre_natural,Adıyaman,desktop,user,2023-01-07,2025-08-06
Terremoto Turquia-Siria,desastre_natural,Adıyaman,desktop,spider,2023-01-07,2025-08-06
Terremoto Turquia-Siria,desastre_natural,Adıyaman,desktop,automated,2023-01-07,2025-08-06
Terremoto Turquia-Siria,desastre_natural,Adıyaman,mobile-web,user,2023-01-07,2025-08-06
Terremoto Turquia-Siria,desastre_natural,Adıyaman,mobile-web,spider,2023-01-07,2025-08-06
Terremoto Turquia-Siria,desastre_natural,Adıyaman,mobile-web,automated,2023-01-07,2025-08-06
Terremoto Turquia-Siria,desastre_natural,Adıyaman,mobile-app,user,2023-01-07,2025-08-06
Terremoto Turquia-Siria,desastre_natural,Adıyaman,mobile-app,spider,2023-01-07,2025-08-06
Terremoto Turquia-Siria,desastre_natural,Adıyaman,mobile-app,automated,2023-01-07,2025-08-06
Terremoto Turquia-Siria,desastre_natural,Disaster_and_Emergency_Management_Presidency,desktop,user,2023-01-07,2025-08-06
Terremoto Turquia-Siria,desastre_natural,Disaster_and_Emergency_Management_Presidency,desktop,spider,2023-01-07,2025-08-06
Terremoto Turquia-Siria,desastre_natural,Disaster_and_Emergency_Management_Presidency,desktop,automated,2023-01-07,2025-08-06
Terremoto Turquia-Siria,desastre_natural,Disaster_and_Emergency_Management_Presidency,mobile-web,user,2023-01-07,2025-08-06
Terremoto Turquia-Siria,desastre_natural,Disaster_and_Emergency_Management_Presidency,mobile-web,spider,2023-01-07,2025-08-06
Terremoto Turquia-Siria,desastre_natural,Disaster_and_Emergency_Management_Presidency,mobile-web,automated,2023-01-07,2025-08-06
Terremoto Turquia-Siria,desastre_natural,Disaster_and_Emergency_Management_Presidency,mobile-app,user,2023-01-07,2025-08-06
Terremoto Turquia-Siria,desastre_natural,Disaster_and_Emergency_Management_Presidency,mobile-app,spider,2023-01-07,2025-08-06
Terremoto Turquia-Siria,desastre_natural,Disaster_and_Emergency_Management_Presidency,mobile-app,automated,2023-01-07,2025-08-06
Terremoto Al Haouz Marrocos,desastre_natural,2023_Marrakesh–Safi_earthquake,desktop,user,2023-08-09,2026-03-08
Terremoto Al Haouz Marrocos,desastre_natural,2023_Marrakesh–Safi_earthquake,desktop,spider,2023-08-09,2026-03-08
Terremoto Al Haouz Marrocos,desastre_natural,2023_Marrakesh–Safi_earthquake,desktop,automated,2023-08-09,2026-03-08
Terremoto Al Haouz Marrocos,desastre_natural,2023_Marrakesh–Safi_earthquake,mobile-web,user,2023-08-09,2026-03-08
Terremoto Al Haouz Marrocos,desastre_natural,2023_Marrakesh–Safi_earthquake,mobile-web,spider,2023-08-09,2026-03-08
Terremoto Al Haouz Marrocos,desastre_natural,2023_Marrakesh–Safi_earthquake,mobile-web,automated,2023-08-09,2026-03-08
Terremoto Al Haouz Marrocos,desastre_natural,2023_Marrakesh–Safi_earthquake,mobile-app,user,2023-08-09,2026-03-08
Terremoto Al Haouz Marrocos,desastre_natural,2023_Marrakesh–Safi_earthquake,mobile-app,spider,2023-08-09,2026-03-08
Terremoto Al Haouz Marrocos,desastre_natural,2023_Marrakesh–Safi_earthquake,mobile-app,automated,2023-08-09,2026-03-08
Terremoto Al Haouz Marrocos,desastre_natural,Morocco,desktop,user,2023-08-09,2026-03-08
Terremoto Al Haouz Marrocos,desastre_natural,Morocco,desktop,spider,2023-08-09,2026-03-08
Terremoto Al Haouz Marrocos,desastre_natural,Morocco,desktop,automated,2023-08-09,2026-03-08
Terremoto Al Haouz Marrocos,desastre_natural,Morocco,mobile-web,user,2023-08-09,2026-03-08
Terremoto Al Haouz Marrocos,desastre_natural,Morocco,mobile-web,spider,2023-08-09,2026-03-08
Terremoto Al Haouz Marrocos,desastre_natural,Morocco,mobile-web,automated,2023-08-09,2026-03-08
Terremoto Al Haouz Marrocos,desastre_natural,Morocco,mobile-app,user,2023-08-09,2026-03-08
Terremoto Al Haouz Marrocos,desastre_natural,Morocco,mobile-app,spider,2023-08-09,2026-03-08
Terremoto Al Haouz Marrocos,desastre_natural,Morocco,mobile-app,automated,2023-08-09,2026-03-08
Terremoto Al Haouz Marrocos,desastre_natural,Marrakesh,desktop,user,2023-08-09,2026-03-08
Terremoto Al Haouz Marrocos,desastre_natural,Marrakesh,desktop,spider,2023-08-09,2026-03-08
Terremoto Al Haouz Marrocos,desastre_natural,Marrakesh,desktop,automated,2023-08-09,2026-03-08
Terremoto Al Haouz Marrocos,desastre_natural,Marrakesh,mobile-web,user,2023-08-09,2026-03-08
Terremoto Al Haouz Marrocos,desastre_natural,Marrakesh,mobile-web,spider,2023-08-09,2026-03-08
Terremoto Al Haouz Marrocos,desastre_natural,Marrakesh,mobile-web,automated,2023-08-09,2026-03-08
Terremoto Al Haouz Marrocos,desastre_natural,Marrakesh,mobile-app,user,2023-08-09,2026-03-08
Terremoto Al Haouz Marrocos,desastre_natural,Marrakesh,mobile-app,spider,2023-08-09,2026-03-08
Terremoto Al Haouz Marrocos,desastre_natural,Marrakesh,mobile-app,automated,2023-08-09,2026-03-08
Terremoto Al Haouz Marrocos,desastre_natural,High_Atlas,desktop,user,2023-08-09,2026-03-08
Terremoto Al Haouz Marrocos,desastre_natural,High_Atlas,desktop,spider,2023-08-09,2026-03-08
Terremoto Al Haouz Marrocos,desastre_natural,High_Atlas,desktop,automated,2023-08-09,2026-03-08
Terremoto Al Haouz Marrocos,desastre_natural,High_Atlas,mobile-web,user,2023-08-09,2026-03-08
Terremoto Al Haouz Marrocos,desastre_natural,High_Atlas,mobile-web,spider,2023-08-09,2026-03-08
Terremoto Al Haouz Marrocos,desastre_natural,High_Atlas,mobile-web,automated,2023-08-09,2026-03-08
Terremoto Al Haouz Marrocos,desastre_natural,High_Atlas,mobile-app,user,2023-08-09,2026-03-08
Terremoto Al Haouz Marrocos,desastre_natural,High_Atlas,mobile-app,spider,2023-08-09,2026-03-08
Terremoto Al Haouz Marrocos,desastre_natural,High_Atlas,mobile-app,automated,2023-08-09,2026-03-08
Terremoto Al Haouz Marrocos,desastre_natural,Mohammed_VI_of_Morocco,desktop,user,2023-08-09,2026-03-08
Terremoto Al Haouz Marrocos,desastre_natural,Mohammed_VI_of_Morocco,desktop,spider,2023-08-09,2026-03-08
Terremoto Al Haouz Marrocos,desastre_natural,Mohammed_VI_of_Morocco,desktop,automated,2023-08-09,2026-03-08
Terremoto Al Haouz Marrocos,desastre_natural,Mohammed_VI_of_Morocco,mobile-web,user,2023-08-09,2026-03-08
Terremoto Al Haouz Marrocos,desastre_natural,Mohammed_VI_of_Morocco,mobile-web,spider,2023-08-09,2026-03-08
Terremoto Al Haouz Marrocos,desastre_natural,Mohammed_VI_of_Morocco,mobile-web,automated,2023-08-09,2026-03-08
Terremoto Al Haouz Marrocos,desastre_natural,Mohammed_VI_of_Morocco,mobile-app,user,2023-08-09,2026-03-08
Terremoto Al Haouz Marrocos,desastre_natural,Mohammed_VI_of_Morocco,mobile-app,spider,2023-08-09,2026-03-08
Terremoto Al Haouz Marrocos,desastre_natural,Mohammed_VI_of_Morocco,mobile-app,automated,2023-08-09,2026-03-08
Terremoto Al Haouz Marrocos,desastre_natural,Al_Haouz_Province,desktop,user,2023-08-09,2026-03-08
Terremoto Al Haouz Marrocos,desastre_natural,Al_Haouz_Province,desktop,spider,2023-08-09,2026-03-08
Terremoto Al Haouz Marrocos,desastre_natural,Al_Haouz_Province,desktop,automated,2023-08-09,2026-03-08
Terremoto Al Haouz Marrocos,desastre_natural,Al_Haouz_Province,mobile-web,user,2023-08-09,2026-03-08
Terremoto Al Haouz Marrocos,desastre_natural,Al_Haouz_Province,mobile-web,spider,2023-08-09,2026-03-08
Terremoto Al Haouz Marrocos,desastre_natural,Al_Haouz_Province,mobile-web,automated,2023-08-09,2026-03-08
Terremoto Al Haouz Marrocos,desastre_natural,Al_Haouz_Province,mobile-app,user,2023-08-09,2026-03-08
Terremoto Al Haouz Marrocos,desastre_natural,Al_Haouz_Province,mobile-app,spider,2023-08-09,2026-03-08
Terremoto Al Haouz Marrocos,desastre_natural,Al_Haouz_Province,mobile-app,automated,2023-08-09,2026-03-08
Terremoto Al Haouz Marrocos,desastre_natural,Taroudant_Province,desktop,user,2023-08-09,2026-03-08
Terremoto Al Haouz Marrocos,desastre_natural,Taroudant_Province,desktop,spider,2023-08-09,2026-03-08
Terremoto Al Haouz Marrocos,desastre_natural,Taroudant_Province,desktop,automated,2023-08-09,2026-03-08
Terremoto Al Haouz Marrocos,desastre_natural,Taroudant_Province,mobile-web,user,2023-08-09,2026-03-08
Terremoto Al Haouz Marrocos,desastre_natural,Taroudant_Province,mobile-web,spider,2023-08-09,2026-03-08
Terremoto Al Haouz Marrocos,desastre_natural,Taroudant_Province,mobile-web,automated,2023-08-09,2026-03-08
Terremoto Al Haouz Marrocos,desastre_natural,Taroudant_Province,mobile-app,user,2023-08-09,2026-03-08
Terremoto Al Haouz Marrocos,desastre_natural,Taroudant_Province,mobile-app,spider,2023-08-09,2026-03-08
Terremoto Al Haouz Marrocos,desastre_natural,Taroudant_Province,mobile-app,automated,2023-08-09,2026-03-08
Terremoto Al Haouz Marrocos,desastre_natural,Chichaoua_Province,desktop,user,2023-08-09,2026-03-08
Terremoto Al Haouz Marrocos,desastre_natural,Chichaoua_Province,desktop,spider,2023-08-09,2026-03-08
Terremoto Al Haouz Marrocos,desastre_natural,Chichaoua_Province,desktop,automated,2023-08-09,2026-03-08
Terremoto Al Haouz Marrocos,desastre_natural,Chichaoua_Province,mobile-web,user,2023-08-09,2026-03-08
Terremoto Al Haouz Marrocos,desastre_natural,Chichaoua_Province,mobile-web,spider,2023-08-09,2026-03-08
Terremoto Al Haouz Marrocos,desastre_natural,Chichaoua_Province,mobile-web,automated,2023-08-09,2026-03-08
Terremoto Al Haouz Marrocos,desastre_natural,Chichaoua_Province,mobile-app,user,2023-08-09,2026-03-08
Terremoto Al Haouz Marrocos,desastre_natural,Chichaoua_Province,mobile-app,spider,2023-08-09,2026-03-08
Terremoto Al Haouz Marrocos,desastre_natural,Chichaoua_Province,mobile-app,automated,2023-08-09,2026-03-08
Terremoto Noto Japao,desastre_natural,2024_Noto_earthquake,desktop,user,2023-12-02,2026-07-01
Terremoto Noto Japao,desastre_natural,2024_Noto_earthquake,desktop,spider,2023-12-02,2026-07-01
Terremoto Noto Japao,desastre_natural,2024_Noto_earthquake,desktop,automated,2023-12-02,2026-07-01
Terremoto Noto Japao,desastre_natural,2024_Noto_earthquake,mobile-web,user,2023-12-02,2026-07-01
Terremoto Noto Japao,desastre_natural,2024_Noto_earthquake,mobile-web,spider,2023-12-02,2026-07-01
Terremoto Noto Japao,desastre_natural,2024_Noto_earthquake,mobile-web,automated,2023-12-02,2026-07-01
Terremoto Noto Japao,desastre_natural,2024_Noto_earthquake,mobile-app,user,2023-12-02,2026-07-01
Terremoto Noto Japao,desastre_natural,2024_Noto_earthquake,mobile-app,spider,2023-12-02,2026-07-01
Terremoto Noto Japao,desastre_natural,2024_Noto_earthquake,mobile-app,automated,2023-12-02,2026-07-01
Terremoto Noto Japao,desastre_natural,Japan,desktop,user,2023-12-02,2026-07-01
Terremoto Noto Japao,desastre_natural,Japan,desktop,spider,2023-12-02,2026-07-01
Terremoto Noto Japao,desastre_natural,Japan,desktop,automated,2023-12-02,2026-07-01
Terremoto Noto Japao,desastre_natural,Japan,mobile-web,user,2023-12-02,2026-07-01
Terremoto Noto Japao,desastre_natural,Japan,mobile-web,spider,2023-12-02,2026-07-01
Terremoto Noto Japao,desastre_natural,Japan,mobile-web,automated,2023-12-02,2026-07-01
Terremoto Noto Japao,desastre_natural,Japan,mobile-app,user,2023-12-02,2026-07-01
Terremoto Noto Japao,desastre_natural,Japan,mobile-app,spider,2023-12-02,2026-07-01
Terremoto Noto Japao,desastre_natural,Japan,mobile-app,automated,2023-12-02,2026-07-01
Terremoto Noto Japao,desastre_natural,Ishikawa_Prefecture,desktop,user,2023-12-02,2026-07-01
Terremoto Noto Japao,desastre_natural,Ishikawa_Prefecture,desktop,spider,2023-12-02,2026-07-01
Terremoto Noto Japao,desastre_natural,Ishikawa_Prefecture,desktop,automated,2023-12-02,2026-07-01
Terremoto Noto Japao,desastre_natural,Ishikawa_Prefecture,mobile-web,user,2023-12-02,2026-07-01
Terremoto Noto Japao,desastre_natural,Ishikawa_Prefecture,mobile-web,spider,2023-12-02,2026-07-01
Terremoto Noto Japao,desastre_natural,Ishikawa_Prefecture,mobile-web,automated,2023-12-02,2026-07-01
Terremoto Noto Japao,desastre_natural,Ishikawa_Prefecture,mobile-app,user,2023-12-02,2026-07-01
Terremoto Noto Japao,desastre_natural,Ishikawa_Prefecture,mobile-app,spider,2023-12-02,2026-07-01
Terremoto Noto Japao,desastre_natural,Ishikawa_Prefecture,mobile-app,automated,2023-12-02,2026-07-01
Terremoto Noto Japao,desastre_natural,Noto_Peninsula,desktop,user,2023-12-02,2026-07-01
Terremoto Noto Japao,desastre_natural,Noto_Peninsula,desktop,spider,2023-12-02,2026-07-01
Terremoto Noto Japao,desastre_natural,Noto_Peninsula,desktop,automated,2023-12-02,2026-07-01
Terremoto Noto Japao,desastre_natural,Noto_Peninsula,mobile-web,user,2023-12-02,2026-07-01
Terremoto Noto Japao,desastre_natural,Noto_Peninsula,mobile-web,spider,2023-12-02,2026-07-01
Terremoto Noto Japao,desastre_natural,Noto_Peninsula,mobile-web,automated,2023-12-02,2026-07-01
Terremoto Noto Japao,desastre_natural,Noto_Peninsula,mobile-app,user,2023-12-02,2026-07-01
Terremoto Noto Japao,desastre_natural,Noto_Peninsula,mobile-app,spider,2023-12-02,2026-07-01
Terremoto Noto Japao,desastre_natural,Noto_Peninsula,mobile-app,automated,2023-12-02,2026-07-01
Terremoto Noto Japao,desastre_natural,"Wajima,_Ishikawa",desktop,user,2023-12-02,2026-07-01
Terremoto Noto Japao,desastre_natural,"Wajima,_Ishikawa",desktop,spider,2023-12-02,2026-07-01
Terremoto Noto Japao,desastre_natural,"Wajima,_Ishikawa",desktop,automated,2023-12-02,2026-07-01
Terremoto Noto Japao,desastre_natural,"Wajima,_Ishikawa",mobile-web,user,2023-12-02,2026-07-01
Terremoto Noto Japao,desastre_natural,"Wajima,_Ishikawa",mobile-web,spider,2023-12-02,2026-07-01
Terremoto Noto Japao,desastre_natural,"Wajima,_Ishikawa",mobile-web,automated,2023-12-02,2026-07-01
Terremoto Noto Japao,desastre_natural,"Wajima,_Ishikawa",mobile-app,user,2023-12-02,2026-07-01
Terremoto Noto Japao,desastre_natural,"Wajima,_Ishikawa",mobile-app,spider,2023-12-02,2026-07-01
Terremoto Noto Japao,desastre_natural,"Wajima,_Ishikawa",mobile-app,automated,2023-12-02,2026-07-01
Terremoto Noto Japao,desastre_natural,Fumio_Kishida,desktop,user,2023-12-02,2026-07-01
Terremoto Noto Japao,desastre_natural,Fumio_Kishida,desktop,spider,2023-12-02,2026-07-01
Terremoto Noto Japao,desastre_natural,Fumio_Kishida,desktop,automated,2023-12-02,2026-07-01
Terremoto Noto Japao,desastre_natural,Fumio_Kishida,mobile-web,user,2023-12-02,2026-07-01
Terremoto Noto Japao,desastre_natural,Fumio_Kishida,mobile-web,spider,2023-12-02,2026-07-01
Terremoto Noto Japao,desastre_natural,Fumio_Kishida,mobile-web,automated,2023-12-02,2026-07-01
Terremoto Noto Japao,desastre_natural,Fumio_Kishida,mobile-app,user,2023-12-02,2026-07-01
Terremoto Noto Japao,desastre_natural,Fumio_Kishida,mobile-app,spider,2023-12-02,2026-07-01
Terremoto Noto Japao,desastre_natural,Fumio_Kishida,mobile-app,automated,2023-12-02,2026-07-01
Terremoto Noto Japao,desastre_natural,"Suzu,_Ishikawa",desktop,user,2023-12-02,2026-07-01
Terremoto Noto Japao,desastre_natural,"Suzu,_Ishikawa",desktop,spider,2023-12-02,2026-07-01
Terremoto Noto Japao,desastre_natural,"Suzu,_Ishikawa",desktop,automated,2023-12-02,2026-07-01
Terremoto Noto Japao,desastre_natural,"Suzu,_Ishikawa",mobile-web,user,2023-12-02,2026-07-01
Terremoto Noto Japao,desastre_natural,"Suzu,_Ishikawa",mobile-web,spider,2023-12-02,2026-07-01
Terremoto Noto Japao,desastre_natural,"Suzu,_Ishikawa",mobile-web,automated,2023-12-02,2026-07-01
Terremoto Noto Japao,desastre_natural,"Suzu,_Ishikawa",mobile-app,user,2023-12-02,2026-07-01
Terremoto Noto Japao,desastre_natural,"Suzu,_Ishikawa",mobile-app,spider,2023-12-02,2026-07-01
Terremoto Noto Japao,desastre_natural,"Suzu,_Ishikawa",mobile-app,automated,2023-12-02,2026-07-01
Terremoto Haiti,desastre_natural,2021_Haiti_earthquake,desktop,user,2021-07-15,2024-02-14
Terremoto Haiti,desastre_natural,2021_Haiti_earthquake,desktop,spider,2021-07-15,2024-02-14
Terremoto Haiti,desastre_natural,2021_Haiti_earthquake,desktop,automated,2021-07-15,2024-02-14
Terremoto Haiti,desastre_natural,2021_Haiti_earthquake,mobile-web,user,2021-07-15,2024-02-14
Terremoto Haiti,desastre_natural,2021_Haiti_earthquake,mobile-web,spider,2021-07-15,2024-02-14
Terremoto Haiti,desastre_natural,2021_Haiti_earthquake,mobile-web,automated,2021-07-15,2024-02-14
Terremoto Haiti,desastre_natural,2021_Haiti_earthquake,mobile-app,user,2021-07-15,2024-02-14
Terremoto Haiti,desastre_natural,2021_Haiti_earthquake,mobile-app,spider,2021-07-15,2024-02-14
Terremoto Haiti,desastre_natural,2021_Haiti_earthquake,mobile-app,automated,2021-07-15,2024-02-14
Terremoto Haiti,desastre_natural,Haiti,desktop,user,2021-07-15,2024-02-14
Terremoto Haiti,desastre_natural,Haiti,desktop,spider,2021-07-15,2024-02-14
Terremoto Haiti,desastre_natural,Haiti,desktop,automated,2021-07-15,2024-02-14
Terremoto Haiti,desastre_natural,Haiti,mobile-web,user,2021-07-15,2024-02-14
Terremoto Haiti,desastre_natural,Haiti,mobile-web,spider,2021-07-15,2024-02-14
Terremoto Haiti,desastre_natural,Haiti,mobile-web,automated,2021-07-15,2024-02-14
Terremoto Haiti,desastre_natural,Haiti,mobile-app,user,2021-07-15,2024-02-14
Terremoto Haiti,desastre_natural,Haiti,mobile-app,spider,2021-07-15,2024-02-14
Terremoto Haiti,desastre_natural,Haiti,mobile-app,automated,2021-07-15,2024-02-14
Terremoto Haiti,desastre_natural,Les_Cayes,desktop,user,2021-07-15,2024-02-14
Terremoto Haiti,desastre_natural,Les_Cayes,desktop,spider,2021-07-15,2024-02-14
Terremoto Haiti,desastre_natural,Les_Cayes,desktop,automated,2021-07-15,2024-02-14
Terremoto Haiti,desastre_natural,Les_Cayes,mobile-web,user,2021-07-15,2024-02-14
Terremoto Haiti,desastre_natural,Les_Cayes,mobile-web,spider,2021-07-15,2024-02-14
Terremoto Haiti,desastre_natural,Les_Cayes,mobile-web,automated,2021-07-15,2024-02-14
Terremoto Haiti,desastre_natural,Les_Cayes,mobile-app,user,2021-07-15,2024-02-14
Terremoto Haiti,desastre_natural,Les_Cayes,mobile-app,spider,2021-07-15,2024-02-14
Terremoto Haiti,desastre_natural,Les_Cayes,mobile-app,automated,2021-07-15,2024-02-14
Terremoto Haiti,desastre_natural,"Jérémie,_Haiti",desktop,user,2021-07-15,2024-02-14
Terremoto Haiti,desastre_natural,"Jérémie,_Haiti",desktop,spider,2021-07-15,2024-02-14
Terremoto Haiti,desastre_natural,"Jérémie,_Haiti",desktop,automated,2021-07-15,2024-02-14
Terremoto Haiti,desastre_natural,"Jérémie,_Haiti",mobile-web,user,2021-07-15,2024-02-14
Terremoto Haiti,desastre_natural,"Jérémie,_Haiti",mobile-web,spider,2021-07-15,2024-02-14
Terremoto Haiti,desastre_natural,"Jérémie,_Haiti",mobile-web,automated,2021-07-15,2024-02-14
Terremoto Haiti,desastre_natural,"Jérémie,_Haiti",mobile-app,user,2021-07-15,2024-02-14
Terremoto Haiti,desastre_natural,"Jérémie,_Haiti",mobile-app,spider,2021-07-15,2024-02-14
Terremoto Haiti,desastre_natural,"Jérémie,_Haiti",mobile-app,automated,2021-07-15,2024-02-14
Terremoto Haiti,desastre_natural,Ariel_Henry,desktop,user,2021-07-15,2024-02-14
Terremoto Haiti,desastre_natural,Ariel_Henry,desktop,spider,2021-07-15,2024-02-14
Terremoto Haiti,desastre_natural,Ariel_Henry,desktop,automated,2021-07-15,2024-02-14
Terremoto Haiti,desastre_natural,Ariel_Henry,mobile-web,user,2021-07-15,2024-02-14
Terremoto Haiti,desastre_natural,Ariel_Henry,mobile-web,spider,2021-07-15,2024-02-14
Terremoto Haiti,desastre_natural,Ariel_Henry,mobile-web,automated,2021-07-15,2024-02-14
Terremoto Haiti,desastre_natural,Ariel_Henry,mobile-app,user,2021-07-15,2024-02-14
Terremoto Haiti,desastre_natural,Ariel_Henry,mobile-app,spider,2021-07-15,2024-02-14
Terremoto Haiti,desastre_natural,Ariel_Henry,mobile-app,automated,2021-07-15,2024-02-14
Terremoto Haiti,desastre_natural,Nippes_Department,desktop,user,2021-07-15,2024-02-14
Terremoto Haiti,desastre_natural,Nippes_Department,desktop,spider,2021-07-15,2024-02-14
Terremoto Haiti,desastre_natural,Nippes_Department,desktop,automated,2021-07-15,2024-02-14
Terremoto Haiti,desastre_natural,Nippes_Department,mobile-web,user,2021-07-15,2024-02-14
Terremoto Haiti,desastre_natural,Nippes_Department,mobile-web,spider,2021-07-15,2024-02-14
Terremoto Haiti,desastre_natural,Nippes_Department,mobile-web,automated,2021-07-15,2024-02-14
Terremoto Haiti,desastre_natural,Nippes_Department,mobile-app,user,2021-07-15,2024-02-14
Terremoto Haiti,desastre_natural,Nippes_Department,mobile-app,spider,2021-07-15,2024-02-14
Terremoto Haiti,desastre_natural,Nippes_Department,mobile-app,automated,2021-07-15,2024-02-14
Terremoto Myanmar,desastre_natural,2025_Myanmar_earthquake,desktop,user,2025-02-26,2026-08-20
Terremoto Myanmar,desastre_natural,2025_Myanmar_earthquake,desktop,spider,2025-02-26,2026-08-20
Terremoto Myanmar,desastre_natural,2025_Myanmar_earthquake,desktop,automated,2025-02-26,2026-08-20
Terremoto Myanmar,desastre_natural,2025_Myanmar_earthquake,mobile-web,user,2025-02-26,2026-08-20
Terremoto Myanmar,desastre_natural,2025_Myanmar_earthquake,mobile-web,spider,2025-02-26,2026-08-20
Terremoto Myanmar,desastre_natural,2025_Myanmar_earthquake,mobile-web,automated,2025-02-26,2026-08-20
Terremoto Myanmar,desastre_natural,2025_Myanmar_earthquake,mobile-app,user,2025-02-26,2026-08-20
Terremoto Myanmar,desastre_natural,2025_Myanmar_earthquake,mobile-app,spider,2025-02-26,2026-08-20
Terremoto Myanmar,desastre_natural,2025_Myanmar_earthquake,mobile-app,automated,2025-02-26,2026-08-20
Terremoto Myanmar,desastre_natural,Myanmar,desktop,user,2025-02-26,2026-08-20
Terremoto Myanmar,desastre_natural,Myanmar,desktop,spider,2025-02-26,2026-08-20
Terremoto Myanmar,desastre_natural,Myanmar,desktop,automated,2025-02-26,2026-08-20
Terremoto Myanmar,desastre_natural,Myanmar,mobile-web,user,2025-02-26,2026-08-20
Terremoto Myanmar,desastre_natural,Myanmar,mobile-web,spider,2025-02-26,2026-08-20
Terremoto Myanmar,desastre_natural,Myanmar,mobile-web,automated,2025-02-26,2026-08-20
Terremoto Myanmar,desastre_natural,Myanmar,mobile-app,user,2025-02-26,2026-08-20
Terremoto Myanmar,desastre_natural,Myanmar,mobile-app,spider,2025-02-26,2026-08-20
Terremoto Myanmar,desastre_natural,Myanmar,mobile-app,automated,2025-02-26,2026-08-20
Terremoto Myanmar,desastre_natural,Mandalay,desktop,user,2025-02-26,2026-08-20
Terremoto Myanmar,desastre_natural,Mandalay,desktop,spider,2025-02-26,2026-08-20
Terremoto Myanmar,desastre_natural,Mandalay,desktop,automated,2025-02-26,2026-08-20
Terremoto Myanmar,desastre_natural,Mandalay,mobile-web,user,2025-02-26,2026-08-20
Terremoto Myanmar,desastre_natural,Mandalay,mobile-web,spider,2025-02-26,2026-08-20
Terremoto Myanmar,desastre_natural,Mandalay,mobile-web,automated,2025-02-26,2026-08-20
Terremoto Myanmar,desastre_natural,Mandalay,mobile-app,user,2025-02-26,2026-08-20
Terremoto Myanmar,desastre_natural,Mandalay,mobile-app,spider,2025-02-26,2026-08-20
Terremoto Myanmar,desastre_natural,Mandalay,mobile-app,automated,2025-02-26,2026-08-20
Terremoto Myanmar,desastre_natural,Naypyidaw,desktop,user,2025-02-26,2026-08-20
Terremoto Myanmar,desastre_natural,Naypyidaw,desktop,spider,2025-02-26,2026-08-20
Terremoto Myanmar,desastre_natural,Naypyidaw,desktop,automated,2025-02-26,2026-08-20
Terremoto Myanmar,desastre_natural,Naypyidaw,mobile-web,user,2025-02-26,2026-08-20
Terremoto Myanmar,desastre_natural,Naypyidaw,mobile-web,spider,2025-02-26,2026-08-20
Terremoto Myanmar,desastre_natural,Naypyidaw,mobile-web,automated,2025-02-26,2026-08-20
Terremoto Myanmar,desastre_natural,Naypyidaw,mobile-app,user,2025-02-26,2026-08-20
Terremoto Myanmar,desastre_natural,Naypyidaw,mobile-app,spider,2025-02-26,2026-08-20
Terremoto Myanmar,desastre_natural,Naypyidaw,mobile-app,automated,2025-02-26,2026-08-20
Terremoto Myanmar,desastre_natural,Min_Aung_Hlaing,desktop,user,2025-02-26,2026-08-20
Terremoto Myanmar,desastre_natural,Min_Aung_Hlaing,desktop,spider,2025-02-26,2026-08-20
Terremoto Myanmar,desastre_natural,Min_Aung_Hlaing,desktop,automated,2025-02-26,2026-08-20
Terremoto Myanmar,desastre_natural,Min_Aung_Hlaing,mobile-web,user,2025-02-26,2026-08-20
Terremoto Myanmar,desastre_natural,Min_Aung_Hlaing,mobile-web,spider,2025-02-26,2026-08-20
Terremoto Myanmar,desastre_natural,Min_Aung_Hlaing,mobile-web,automated,2025-02-26,2026-08-20
Terremoto Myanmar,desastre_natural,Min_Aung_Hlaing,mobile-app,user,2025-02-26,2026-08-20
Terremoto Myanmar,desastre_natural,Min_Aung_Hlaing,mobile-app,spider,2025-02-26,2026-08-20
Terremoto Myanmar,desastre_natural,Min_Aung_Hlaing,mobile-app,automated,2025-02-26,2026-08-20
Terremoto Myanmar,desastre_natural,Sagaing_Region,desktop,user,2025-02-26,2026-08-20
Terremoto Myanmar,desastre_natural,Sagaing_Region,desktop,spider,2025-02-26,2026-08-20
Terremoto Myanmar,desastre_natural,Sagaing_Region,desktop,automated,2025-02-26,2026-08-20
Terremoto Myanmar,desastre_natural,Sagaing_Region,mobile-web,user,2025-02-26,2026-08-20
Terremoto Myanmar,desastre_natural,Sagaing_Region,mobile-web,spider,2025-02-26,2026-08-20
Terremoto Myanmar,desastre_natural,Sagaing_Region,mobile-web,automated,2025-02-26,2026-08-20
Terremoto Myanmar,desastre_natural,Sagaing_Region,mobile-app,user,2025-02-26,2026-08-20
Terremoto Myanmar,desastre_natural,Sagaing_Region,mobile-app,spider,2025-02-26,2026-08-20
Terremoto Myanmar,desastre_natural,Sagaing_Region,mobile-app,automated,2025-02-26,2026-08-20
Eleicao presidencial EUA,politico,2024_United_States_presidential_election,desktop,user,2024-10-06,2026-08-20
Eleicao presidencial EUA,politico,2024_United_States_presidential_election,desktop,spider,2024-10-06,2026-08-20
Eleicao presidencial EUA,politico,2024_United_States_presidential_election,desktop,automated,2024-10-06,2026-08-20
Eleicao presidencial EUA,politico,2024_United_States_presidential_election,mobile-web,user,2024-10-06,2026-08-20
Eleicao presidencial EUA,politico,2024_United_States_presidential_election,mobile-web,spider,2024-10-06,2026-08-20
Eleicao presidencial EUA,politico,2024_United_States_presidential_election,mobile-web,automated,2024-10-06,2026-08-20
Eleicao presidencial EUA,politico,2024_United_States_presidential_election,mobile-app,user,2024-10-06,2026-08-20
Eleicao presidencial EUA,politico,2024_United_States_presidential_election,mobile-app,spider,2024-10-06,2026-08-20
Eleicao presidencial EUA,politico,2024_United_States_presidential_election,mobile-app,automated,2024-10-06,2026-08-20
Eleicao presidencial EUA,politico,Donald_Trump,desktop,user,2024-10-06,2026-08-20
Eleicao presidencial EUA,politico,Donald_Trump,desktop,spider,2024-10-06,2026-08-20
Eleicao presidencial EUA,politico,Donald_Trump,desktop,automated,2024-10-06,2026-08-20
Eleicao presidencial EUA,politico,Donald_Trump,mobile-web,user,2024-10-06,2026-08-20
Eleicao presidencial EUA,politico,Donald_Trump,mobile-web,spider,2024-10-06,2026-08-20
Eleicao presidencial EUA,politico,Donald_Trump,mobile-web,automated,2024-10-06,2026-08-20
Eleicao presidencial EUA,politico,Donald_Trump,mobile-app,user,2024-10-06,2026-08-20
Eleicao presidencial EUA,politico,Donald_Trump,mobile-app,spider,2024-10-06,2026-08-20
Eleicao presidencial EUA,politico,Donald_Trump,mobile-app,automated,2024-10-06,2026-08-20
Eleicao presidencial EUA,politico,Kamala_Harris,desktop,user,2024-10-06,2026-08-20
Eleicao presidencial EUA,politico,Kamala_Harris,desktop,spider,2024-10-06,2026-08-20
Eleicao presidencial EUA,politico,Kamala_Harris,desktop,automated,2024-10-06,2026-08-20
Eleicao presidencial EUA,politico,Kamala_Harris,mobile-web,user,2024-10-06,2026-08-20
Eleicao presidencial EUA,politico,Kamala_Harris,mobile-web,spider,2024-10-06,2026-08-20
Eleicao presidencial EUA,politico,Kamala_Harris,mobile-web,automated,2024-10-06,2026-08-20
Eleicao presidencial EUA,politico,Kamala_Harris,mobile-app,user,2024-10-06,2026-08-20
Eleicao presidencial EUA,politico,Kamala_Harris,mobile-app,spider,2024-10-06,2026-08-20
Eleicao presidencial EUA,politico,Kamala_Harris,mobile-app,automated,2024-10-06,2026-08-20
Eleicao presidencial EUA,politico,Joe_Biden,desktop,user,2024-10-06,2026-08-20
Eleicao presidencial EUA,politico,Joe_Biden,desktop,spider,2024-10-06,2026-08-20
Eleicao presidencial EUA,politico,Joe_Biden,desktop,automated,2024-10-06,2026-08-20
Eleicao presidencial EUA,politico,Joe_Biden,mobile-web,user,2024-10-06,2026-08-20
Eleicao presidencial EUA,politico,Joe_Biden,mobile-web,spider,2024-10-06,2026-08-20
Eleicao presidencial EUA,politico,Joe_Biden,mobile-web,automated,2024-10-06,2026-08-20
Eleicao presidencial EUA,politico,Joe_Biden,mobile-app,user,2024-10-06,2026-08-20
Eleicao presidencial EUA,politico,Joe_Biden,mobile-app,spider,2024-10-06,2026-08-20
Eleicao presidencial EUA,politico,Joe_Biden,mobile-app,automated,2024-10-06,2026-08-20
Eleicao presidencial EUA,politico,Republican_Party_(United_States),desktop,user,2024-10-06,2026-08-20
Eleicao presidencial EUA,politico,Republican_Party_(United_States),desktop,spider,2024-10-06,2026-08-20
Eleicao presidencial EUA,politico,Republican_Party_(United_States),desktop,automated,2024-10-06,2026-08-20
Eleicao presidencial EUA,politico,Republican_Party_(United_States),mobile-web,user,2024-10-06,2026-08-20
Eleicao presidencial EUA,politico,Republican_Party_(United_States),mobile-web,spider,2024-10-06,2026-08-20
Eleicao presidencial EUA,politico,Republican_Party_(United_States),mobile-web,automated,2024-10-06,2026-08-20
Eleicao presidencial EUA,politico,Republican_Party_(United_States),mobile-app,user,2024-10-06,2026-08-20
Eleicao presidencial EUA,politico,Republican_Party_(United_States),mobile-app,spider,2024-10-06,2026-08-20
Eleicao presidencial EUA,politico,Republican_Party_(United_States),mobile-app,automated,2024-10-06,2026-08-20
Eleicao presidencial EUA,politico,Democratic_Party_(United_States),desktop,user,2024-10-06,2026-08-20
Eleicao presidencial EUA,politico,Democratic_Party_(United_States),desktop,spider,2024-10-06,2026-08-20
Eleicao presidencial EUA,politico,Democratic_Party_(United_States),desktop,automated,2024-10-06,2026-08-20
Eleicao presidencial EUA,politico,Democratic_Party_(United_States),mobile-web,user,2024-10-06,2026-08-20
Eleicao presidencial EUA,politico,Democratic_Party_(United_States),mobile-web,spider,2024-10-06,2026-08-20
Eleicao presidencial EUA,politico,Democratic_Party_(United_States),mobile-web,automated,2024-10-06,2026-08-20
Eleicao presidencial EUA,politico,Democratic_Party_(United_States),mobile-app,user,2024-10-06,2026-08-20
Eleicao presidencial EUA,politico,Democratic_Party_(United_States),mobile-app,spider,2024-10-06,2026-08-20
Eleicao presidencial EUA,politico,Democratic_Party_(United_States),mobile-app,automated,2024-10-06,2026-08-20
Eleicao presidencial EUA,politico,Electoral_College_(United_States),desktop,user,2024-10-06,2026-08-20
Eleicao presidencial EUA,politico,Electoral_College_(United_States),desktop,spider,2024-10-06,2026-08-20
Eleicao presidencial EUA,politico,Electoral_College_(United_States),desktop,automated,2024-10-06,2026-08-20
Eleicao presidencial EUA,politico,Electoral_College_(United_States),mobile-web,user,2024-10-06,2026-08-20
Eleicao presidencial EUA,politico,Electoral_College_(United_States),mobile-web,spider,2024-10-06,2026-08-20
Eleicao presidencial EUA,politico,Electoral_College_(United_States),mobile-web,automated,2024-10-06,2026-08-20
Eleicao presidencial EUA,politico,Electoral_College_(United_States),mobile-app,user,2024-10-06,2026-08-20
Eleicao presidencial EUA,politico,Electoral_College_(United_States),mobile-app,spider,2024-10-06,2026-08-20
Eleicao presidencial EUA,politico,Electoral_College_(United_States),mobile-app,automated,2024-10-06,2026-08-20
Eleicao presidencial EUA,politico,JD_Vance,desktop,user,2024-10-06,2026-08-20
Eleicao presidencial EUA,politico,JD_Vance,desktop,spider,2024-10-06,2026-08-20
Eleicao presidencial EUA,politico,JD_Vance,desktop,automated,2024-10-06,2026-08-20
Eleicao presidencial EUA,politico,JD_Vance,mobile-web,user,2024-10-06,2026-08-20
Eleicao presidencial EUA,politico,JD_Vance,mobile-web,spider,2024-10-06,2026-08-20
Eleicao presidencial EUA,politico,JD_Vance,mobile-web,automated,2024-10-06,2026-08-20
Eleicao presidencial EUA,politico,JD_Vance,mobile-app,user,2024-10-06,2026-08-20
Eleicao presidencial EUA,politico,JD_Vance,mobile-app,spider,2024-10-06,2026-08-20
Eleicao presidencial EUA,politico,JD_Vance,mobile-app,automated,2024-10-06,2026-08-20
Eleicao presidencial EUA,politico,Tim_Walz,desktop,user,2024-10-06,2026-08-20
Eleicao presidencial EUA,politico,Tim_Walz,desktop,spider,2024-10-06,2026-08-20
Eleicao presidencial EUA,politico,Tim_Walz,desktop,automated,2024-10-06,2026-08-20
Eleicao presidencial EUA,politico,Tim_Walz,mobile-web,user,2024-10-06,2026-08-20
Eleicao presidencial EUA,politico,Tim_Walz,mobile-web,spider,2024-10-06,2026-08-20
Eleicao presidencial EUA,politico,Tim_Walz,mobile-web,automated,2024-10-06,2026-08-20
Eleicao presidencial EUA,politico,Tim_Walz,mobile-app,user,2024-10-06,2026-08-20
Eleicao presidencial EUA,politico,Tim_Walz,mobile-app,spider,2024-10-06,2026-08-20
Eleicao presidencial EUA,politico,Tim_Walz,mobile-app,automated,2024-10-06,2026-08-20
Eleicao presidencial EUA,politico,United_States_Senate,desktop,user,2024-10-06,2026-08-20
Eleicao presidencial EUA,politico,United_States_Senate,desktop,spider,2024-10-06,2026-08-20
Eleicao presidencial EUA,politico,United_States_Senate,desktop,automated,2024-10-06,2026-08-20
Eleicao presidencial EUA,politico,United_States_Senate,mobile-web,user,2024-10-06,2026-08-20
Eleicao presidencial EUA,politico,United_States_Senate,mobile-web,spider,2024-10-06,2026-08-20
Eleicao presidencial EUA,politico,United_States_Senate,mobile-web,automated,2024-10-06,2026-08-20
Eleicao presidencial EUA,politico,United_States_Senate,mobile-app,user,2024-10-06,2026-08-20
Eleicao presidencial EUA,politico,United_States_Senate,mobile-app,spider,2024-10-06,2026-08-20
Eleicao presidencial EUA,politico,United_States_Senate,mobile-app,automated,2024-10-06,2026-08-20
Cupula G20 Rio,politico,2024_G20_Rio_de_Janeiro_summit,desktop,user,2024-10-19,2026-08-20
Cupula G20 Rio,politico,2024_G20_Rio_de_Janeiro_summit,desktop,spider,2024-10-19,2026-08-20
Cupula G20 Rio,politico,2024_G20_Rio_de_Janeiro_summit,desktop,automated,2024-10-19,2026-08-20
Cupula G20 Rio,politico,2024_G20_Rio_de_Janeiro_summit,mobile-web,user,2024-10-19,2026-08-20
Cupula G20 Rio,politico,2024_G20_Rio_de_Janeiro_summit,mobile-web,spider,2024-10-19,2026-08-20
Cupula G20 Rio,politico,2024_G20_Rio_de_Janeiro_summit,mobile-web,automated,2024-10-19,2026-08-20
Cupula G20 Rio,politico,2024_G20_Rio_de_Janeiro_summit,mobile-app,user,2024-10-19,2026-08-20
Cupula G20 Rio,politico,2024_G20_Rio_de_Janeiro_summit,mobile-app,spider,2024-10-19,2026-08-20
Cupula G20 Rio,politico,2024_G20_Rio_de_Janeiro_summit,mobile-app,automated,2024-10-19,2026-08-20
Cupula G20 Rio,politico,G20,desktop,user,2024-10-19,2026-08-20
Cupula G20 Rio,politico,G20,desktop,spider,2024-10-19,2026-08-20
Cupula G20 Rio,politico,G20,desktop,automated,2024-10-19,2026-08-20
Cupula G20 Rio,politico,G20,mobile-web,user,2024-10-19,2026-08-20
Cupula G20 Rio,politico,G20,mobile-web,spider,2024-10-19,2026-08-20
Cupula G20 Rio,politico,G20,mobile-web,automated,2024-10-19,2026-08-20
Cupula G20 Rio,politico,G20,mobile-app,user,2024-10-19,2026-08-20
Cupula G20 Rio,politico,G20,mobile-app,spider,2024-10-19,2026-08-20
Cupula G20 Rio,politico,G20,mobile-app,automated,2024-10-19,2026-08-20
Cupula G20 Rio,politico,Rio_de_Janeiro,desktop,user,2024-10-19,2026-08-20
Cupula G20 Rio,politico,Rio_de_Janeiro,desktop,spider,2024-10-19,2026-08-20
Cupula G20 Rio,politico,Rio_de_Janeiro,desktop,automated,2024-10-19,2026-08-20
Cupula G20 Rio,politico,Rio_de_Janeiro,mobile-web,user,2024-10-19,2026-08-20
Cupula G20 Rio,politico,Rio_de_Janeiro,mobile-web,spider,2024-10-19,2026-08-20
Cupula G20 Rio,politico,Rio_de_Janeiro,mobile-web,automated,2024-10-19,2026-08-20
Cupula G20 Rio,politico,Rio_de_Janeiro,mobile-app,user,2024-10-19,2026-08-20
Cupula G20 Rio,politico,Rio_de_Janeiro,mobile-app,spider,2024-10-19,2026-08-20
Cupula G20 Rio,politico,Rio_de_Janeiro,mobile-app,automated,2024-10-19,2026-08-20
Cupula G20 Rio,politico,Luiz_Inácio_Lula_da_Silva,desktop,user,2024-10-19,2026-08-20
Cupula G20 Rio,politico,Luiz_Inácio_Lula_da_Silva,desktop,spider,2024-10-19,2026-08-20
Cupula G20 Rio,politico,Luiz_Inácio_Lula_da_Silva,desktop,automated,2024-10-19,2026-08-20
Cupula G20 Rio,politico,Luiz_Inácio_Lula_da_Silva,mobile-web,user,2024-10-19,2026-08-20
Cupula G20 Rio,politico,Luiz_Inácio_Lula_da_Silva,mobile-web,spider,2024-10-19,2026-08-20
Cupula G20 Rio,politico,Luiz_Inácio_Lula_da_Silva,mobile-web,automated,2024-10-19,2026-08-20
Cupula G20 Rio,politico,Luiz_Inácio_Lula_da_Silva,mobile-app,user,2024-10-19,2026-08-20
Cupula G20 Rio,politico,Luiz_Inácio_Lula_da_Silva,mobile-app,spider,2024-10-19,2026-08-20
Cupula G20 Rio,politico,Luiz_Inácio_Lula_da_Silva,mobile-app,automated,2024-10-19,2026-08-20
Cupula G20 Rio,politico,Brazil,desktop,user,2024-10-19,2026-08-20
Cupula G20 Rio,politico,Brazil,desktop,spider,2024-10-19,2026-08-20
Cupula G20 Rio,politico,Brazil,desktop,automated,2024-10-19,2026-08-20
Cupula G20 Rio,politico,Brazil,mobile-web,user,2024-10-19,2026-08-20
Cupula G20 Rio,politico,Brazil,mobile-web,spider,2024-10-19,2026-08-20
Cupula G20 Rio,politico,Brazil,mobile-web,automated,2024-10-19,2026-08-20
Cupula G20 Rio,politico,Brazil,mobile-app,user,2024-10-19,2026-08-20
Cupula G20 Rio,politico,Brazil,mobile-app,spider,2024-10-19,2026-08-20
Cupula G20 Rio,politico,Brazil,mobile-app,automated,2024-10-19,2026-08-20
Cupula G20 Rio,politico,United_Nations,desktop,user,2024-10-19,2026-08-20
Cupula G20 Rio,politico,United_Nations,desktop,spider,2024-10-19,2026-08-20
Cupula G20 Rio,politico,United_Nations,desktop,automated,2024-10-19,2026-08-20
Cupula G20 Rio,politico,United_Nations,mobile-web,user,2024-10-19,2026-08-20
Cupula G20 Rio,politico,United_Nations,mobile-web,spider,2024-10-19,2026-08-20
Cupula G20 Rio,politico,United_Nations,mobile-web,automated,2024-10-19,2026-08-20
Cupula G20 Rio,politico,United_Nations,mobile-app,user,2024-10-19,2026-08-20
Cupula G20 Rio,politico,United_Nations,mobile-app,spider,2024-10-19,2026-08-20
Cupula G20 Rio,politico,United_Nations,mobile-app,automated,2024-10-19,2026-08-20
Cupula G20 Rio,politico,World_Bank,desktop,user,2024-10-19,2026-08-20
Cupula G20 Rio,politico,World_Bank,desktop,spider,2024-10-19,2026-08-20
Cupula G20 Rio,politico,World_Bank,desktop,automated,2024-10-19,2026-08-20
Cupula G20 Rio,politico,World_Bank,mobile-web,user,2024-10-19,2026-08-20
Cupula G20 Rio,politico,World_Bank,mobile-web,spider,2024-10-19,2026-08-20
Cupula G20 Rio,politico,World_Bank,mobile-web,automated,2024-10-19,2026-08-20
Cupula G20 Rio,politico,World_Bank,mobile-app,user,2024-10-19,2026-08-20
Cupula G20 Rio,politico,World_Bank,mobile-app,spider,2024-10-19,2026-08-20
Cupula G20 Rio,politico,World_Bank,mobile-app,automated,2024-10-19,2026-08-20
COP30 Belem,politico,2025_United_Nations_Climate_Change_Conference,desktop,user,2025-10-11,2026-08-20
COP30 Belem,politico,2025_United_Nations_Climate_Change_Conference,desktop,spider,2025-10-11,2026-08-20
COP30 Belem,politico,2025_United_Nations_Climate_Change_Conference,desktop,automated,2025-10-11,2026-08-20
COP30 Belem,politico,2025_United_Nations_Climate_Change_Conference,mobile-web,user,2025-10-11,2026-08-20
COP30 Belem,politico,2025_United_Nations_Climate_Change_Conference,mobile-web,spider,2025-10-11,2026-08-20
COP30 Belem,politico,2025_United_Nations_Climate_Change_Conference,mobile-web,automated,2025-10-11,2026-08-20
COP30 Belem,politico,2025_United_Nations_Climate_Change_Conference,mobile-app,user,2025-10-11,2026-08-20
COP30 Belem,politico,2025_United_Nations_Climate_Change_Conference,mobile-app,spider,2025-10-11,2026-08-20
COP30 Belem,politico,2025_United_Nations_Climate_Change_Conference,mobile-app,automated,2025-10-11,2026-08-20
COP30 Belem,politico,Belém,desktop,user,2025-10-11,2026-08-20
COP30 Belem,politico,Belém,desktop,spider,2025-10-11,2026-08-20
COP30 Belem,politico,Belém,desktop,automated,2025-10-11,2026-08-20
COP30 Belem,politico,Belém,mobile-web,user,2025-10-11,2026-08-20
COP30 Belem,politico,Belém,mobile-web,spider,2025-10-11,2026-08-20
COP30 Belem,politico,Belém,mobile-web,automated,2025-10-11,2026-08-20
COP30 Belem,politico,Belém,mobile-app,user,2025-10-11,2026-08-20
COP30 Belem,politico,Belém,mobile-app,spider,2025-10-11,2026-08-20
COP30 Belem,politico,Belém,mobile-app,automated,2025-10-11,2026-08-20
COP30 Belem,politico,United_Nations_Framework_Convention_on_Climate_Change,desktop,user,2025-10-11,2026-08-20
COP30 Belem,politico,United_Nations_Framework_Convention_on_Climate_Change,desktop,spider,2025-10-11,2026-08-20
COP30 Belem,politico,United_Nations_Framework_Convention_on_Climate_Change,desktop,automated,2025-10-11,2026-08-20
COP30 Belem,politico,United_Nations_Framework_Convention_on_Climate_Change,mobile-web,user,2025-10-11,2026-08-20
COP30 Belem,politico,United_Nations_Framework_Convention_on_Climate_Change,mobile-web,spider,2025-10-11,2026-08-20
COP30 Belem,politico,United_Nations_Framework_Convention_on_Climate_Change,mobile-web,automated,2025-10-11,2026-08-20
COP30 Belem,politico,United_Nations_Framework_Convention_on_Climate_Change,mobile-app,user,2025-10-11,2026-08-20
COP30 Belem,politico,United_Nations_Framework_Convention_on_Climate_Change,mobile-app,spider,2025-10-11,2026-08-20
COP30 Belem,politico,United_Nations_Framework_Convention_on_Climate_Change,mobile-app,automated,2025-10-11,2026-08-20
COP30 Belem,politico,Paris_Agreement,desktop,user,2025-10-11,2026-08-20
COP30 Belem,politico,Paris_Agreement,desktop,spider,2025-10-11,2026-08-20
COP30 Belem,politico,Paris_Agreement,desktop,automated,2025-10-11,2026-08-20
COP30 Belem,politico,Paris_Agreement,mobile-web,user,2025-10-11,2026-08-20
COP30 Belem,politico,Paris_Agreement,mobile-web,spider,2025-10-11,2026-08-20
COP30 Belem,politico,Paris_Agreement,mobile-web,automated,2025-10-11,2026-08-20
COP30 Belem,politico,Paris_Agreement,mobile-app,user,2025-10-11,2026-08-20
COP30 Belem,politico,Paris_Agreement,mobile-app,spider,2025-10-11,2026-08-20
COP30 Belem,politico,Paris_Agreement,mobile-app,automated,2025-10-11,2026-08-20
COP30 Belem,politico,Brazil,desktop,user,2025-10-11,2026-08-20
COP30 Belem,politico,Brazil,desktop,spider,2025-10-11,2026-08-20
COP30 Belem,politico,Brazil,desktop,automated,2025-10-11,2026-08-20
COP30 Belem,politico,Brazil,mobile-web,user,2025-10-11,2026-08-20
COP30 Belem,politico,Brazil,mobile-web,spider,2025-10-11,2026-08-20
COP30 Belem,politico,Brazil,mobile-web,automated,2025-10-11,2026-08-20
COP30 Belem,politico,Brazil,mobile-app,user,2025-10-11,2026-08-20
COP30 Belem,politico,Brazil,mobile-app,spider,2025-10-11,2026-08-20
COP30 Belem,politico,Brazil,mobile-app,automated,2025-10-11,2026-08-20
COP30 Belem,politico,Amazon_rainforest,desktop,user,2025-10-11,2026-08-20
COP30 Belem,politico,Amazon_rainforest,desktop,spider,2025-10-11,2026-08-20
COP30 Belem,politico,Amazon_rainforest,desktop,automated,2025-10-11,2026-08-20
COP30 Belem,politico,Amazon_rainforest,mobile-web,user,2025-10-11,2026-08-20
COP30 Belem,politico,Amazon_rainforest,mobile-web,spider,2025-10-11,2026-08-20
COP30 Belem,politico,Amazon_rainforest,mobile-web,automated,2025-10-11,2026-08-20
COP30 Belem,politico,Amazon_rainforest,mobile-app,user,2025-10-11,2026-08-20
COP30 Belem,politico,Amazon_rainforest,mobile-app,spider,2025-10-11,2026-08-20
COP30 Belem,politico,Amazon_rainforest,mobile-app,automated,2025-10-11,2026-08-20
Rainha Elizabeth II,morte_figura_publica,Death_and_state_funeral_of_Elizabeth_II,desktop,user,2022-08-09,2025-03-08
Rainha Elizabeth II,morte_figura_publica,Death_and_state_funeral_of_Elizabeth_II,desktop,spider,2022-08-09,2025-03-08
Rainha Elizabeth II,morte_figura_publica,Death_and_state_funeral_of_Elizabeth_II,desktop,automated,2022-08-09,2025-03-08
Rainha Elizabeth II,morte_figura_publica,Death_and_state_funeral_of_Elizabeth_II,mobile-web,user,2022-08-09,2025-03-08
Rainha Elizabeth II,morte_figura_publica,Death_and_state_funeral_of_Elizabeth_II,mobile-web,spider,2022-08-09,2025-03-08
Rainha Elizabeth II,morte_figura_publica,Death_and_state_funeral_of_Elizabeth_II,mobile-web,automated,2022-08-09,2025-03-08
Rainha Elizabeth II,morte_figura_publica,Death_and_state_funeral_of_Elizabeth_II,mobile-app,user,2022-08-09,2025-03-08
Rainha Elizabeth II,morte_figura_publica,Death_and_state_funeral_of_Elizabeth_II,mobile-app,spider,2022-08-09,2025-03-08
Rainha Elizabeth II,morte_figura_publica,Death_and_state_funeral_of_Elizabeth_II,mobile-app,automated,2022-08-09,2025-03-08
Rainha Elizabeth II,morte_figura_publica,Elizabeth_II,desktop,user,2022-08-09,2025-03-08
Rainha Elizabeth II,morte_figura_publica,Elizabeth_II,desktop,spider,2022-08-09,2025-03-08
Rainha Elizabeth II,morte_figura_publica,Elizabeth_II,desktop,automated,2022-08-09,2025-03-08
Rainha Elizabeth II,morte_figura_publica,Elizabeth_II,mobile-web,user,2022-08-09,2025-03-08
Rainha Elizabeth II,morte_figura_publica,Elizabeth_II,mobile-web,spider,2022-08-09,2025-03-08
Rainha Elizabeth II,morte_figura_publica,Elizabeth_II,mobile-web,automated,2022-08-09,2025-03-08
Rainha Elizabeth II,morte_figura_publica,Elizabeth_II,mobile-app,user,2022-08-09,2025-03-08
Rainha Elizabeth II,morte_figura_publica,Elizabeth_II,mobile-app,spider,2022-08-09,2025-03-08
Rainha Elizabeth II,morte_figura_publica,Elizabeth_II,mobile-app,automated,2022-08-09,2025-03-08
Rainha Elizabeth II,morte_figura_publica,Charles_III,desktop,user,2022-08-09,2025-03-08
Rainha Elizabeth II,morte_figura_publica,Charles_III,desktop,spider,2022-08-09,2025-03-08
Rainha Elizabeth II,morte_figura_publica,Charles_III,desktop,automated,2022-08-09,2025-03-08
Rainha Elizabeth II,morte_figura_publica,Charles_III,mobile-web,user,2022-08-09,2025-03-08
Rainha Elizabeth II,morte_figura_publica,Charles_III,mobile-web,spider,2022-08-09,2025-03-08
Rainha Elizabeth II,morte_figura_publica,Charles_III,mobile-web,automated,2022-08-09,2025-03-08
Rainha Elizabeth II,morte_figura_publica,Charles_III,mobile-app,user,2022-08-09,2025-03-08
Rainha Elizabeth II,morte_figura_publica,Charles_III,mobile-app,spider,2022-08-09,2025-03-08
Rainha Elizabeth II,morte_figura_publica,Charles_III,mobile-app,automated,2022-08-09,2025-03-08
Rainha Elizabeth II,morte_figura_publica,Buckingham_Palace,desktop,user,2022-08-09,2025-03-08
Rainha Elizabeth II,morte_figura_publica,Buckingham_Palace,desktop,spider,2022-08-09,2025-03-08
Rainha Elizabeth II,morte_figura_publica,Buckingham_Palace,desktop,automated,2022-08-09,2025-03-08
Rainha Elizabeth II,morte_figura_publica,Buckingham_Palace,mobile-web,user,2022-08-09,2025-03-08
Rainha Elizabeth II,morte_figura_publica,Buckingham_Palace,mobile-web,spider,2022-08-09,2025-03-08
Rainha Elizabeth II,morte_figura_publica,Buckingham_Palace,mobile-web,automated,2022-08-09,2025-03-08
Rainha Elizabeth II,morte_figura_publica,Buckingham_Palace,mobile-app,user,2022-08-09,2025-03-08
Rainha Elizabeth II,morte_figura_publica,Buckingham_Palace,mobile-app,spider,2022-08-09,2025-03-08
Rainha Elizabeth II,morte_figura_publica,Buckingham_Palace,mobile-app,automated,2022-08-09,2025-03-08
Rainha Elizabeth II,morte_figura_publica,Westminster_Abbey,desktop,user,2022-08-09,2025-03-08
Rainha Elizabeth II,morte_figura_publica,Westminster_Abbey,desktop,spider,2022-08-09,2025-03-08
Rainha Elizabeth II,morte_figura_publica,Westminster_Abbey,desktop,automated,2022-08-09,2025-03-08
Rainha Elizabeth II,morte_figura_publica,Westminster_Abbey,mobile-web,user,2022-08-09,2025-03-08
Rainha Elizabeth II,morte_figura_publica,Westminster_Abbey,mobile-web,spider,2022-08-09,2025-03-08
Rainha Elizabeth II,morte_figura_publica,Westminster_Abbey,mobile-web,automated,2022-08-09,2025-03-08
Rainha Elizabeth II,morte_figura_publica,Westminster_Abbey,mobile-app,user,2022-08-09,2025-03-08
Rainha Elizabeth II,morte_figura_publica,Westminster_Abbey,mobile-app,spider,2022-08-09,2025-03-08
Rainha Elizabeth II,morte_figura_publica,Westminster_Abbey,mobile-app,automated,2022-08-09,2025-03-08
Rainha Elizabeth II,morte_figura_publica,British_royal_family,desktop,user,2022-08-09,2025-03-08
Rainha Elizabeth II,morte_figura_publica,British_royal_family,desktop,spider,2022-08-09,2025-03-08
Rainha Elizabeth II,morte_figura_publica,British_royal_family,desktop,automated,2022-08-09,2025-03-08
Rainha Elizabeth II,morte_figura_publica,British_royal_family,mobile-web,user,2022-08-09,2025-03-08
Rainha Elizabeth II,morte_figura_publica,British_royal_family,mobile-web,spider,2022-08-09,2025-03-08
Rainha Elizabeth II,morte_figura_publica,British_royal_family,mobile-web,automated,2022-08-09,2025-03-08
Rainha Elizabeth II,morte_figura_publica,British_royal_family,mobile-app,user,2022-08-09,2025-03-08
Rainha Elizabeth II,morte_figura_publica,British_royal_family,mobile-app,spider,2022-08-09,2025-03-08
Rainha Elizabeth II,morte_figura_publica,British_royal_family,mobile-app,automated,2022-08-09,2025-03-08
Rainha Elizabeth II,morte_figura_publica,Balmoral_Castle,desktop,user,2022-08-09,2025-03-08
Rainha Elizabeth II,morte_figura_publica,Balmoral_Castle,desktop,spider,2022-08-09,2025-03-08
Rainha Elizabeth II,morte_figura_publica,Balmoral_Castle,desktop,automated,2022-08-09,2025-03-08
Rainha Elizabeth II,morte_figura_publica,Balmoral_Castle,mobile-web,user,2022-08-09,2025-03-08
Rainha Elizabeth II,morte_figura_publica,Balmoral_Castle,mobile-web,spider,2022-08-09,2025-03-08
Rainha Elizabeth II,morte_figura_publica,Balmoral_Castle,mobile-web,automated,2022-08-09,2025-03-08
Rainha Elizabeth II,morte_figura_publica,Balmoral_Castle,mobile-app,user,2022-08-09,2025-03-08
Rainha Elizabeth II,morte_figura_publica,Balmoral_Castle,mobile-app,spider,2022-08-09,2025-03-08
Rainha Elizabeth II,morte_figura_publica,Balmoral_Castle,mobile-app,automated,2022-08-09,2025-03-08
Rainha Elizabeth II,morte_figura_publica,Operation_London_Bridge,desktop,user,2022-08-09,2025-03-08
Rainha Elizabeth II,morte_figura_publica,Operation_London_Bridge,desktop,spider,2022-08-09,2025-03-08
Rainha Elizabeth II,morte_figura_publica,Operation_London_Bridge,desktop,automated,2022-08-09,2025-03-08
Rainha Elizabeth II,morte_figura_publica,Operation_London_Bridge,mobile-web,user,2022-08-09,2025-03-08
Rainha Elizabeth II,morte_figura_publica,Operation_London_Bridge,mobile-web,spider,2022-08-09,2025-03-08
Rainha Elizabeth II,morte_figura_publica,Operation_London_Bridge,mobile-web,automated,2022-08-09,2025-03-08
Rainha Elizabeth II,morte_figura_publica,Operation_London_Bridge,mobile-app,user,2022-08-09,2025-03-08
Rainha Elizabeth II,morte_figura_publica,Operation_London_Bridge,mobile-app,spider,2022-08-09,2025-03-08
Rainha Elizabeth II,morte_figura_publica,Operation_London_Bridge,mobile-app,automated,2022-08-09,2025-03-08
Diego Maradona,morte_figura_publica,Diego_Maradona,desktop,user,2020-10-26,2023-05-25
Diego Maradona,morte_figura_publica,Diego_Maradona,desktop,spider,2020-10-26,2023-05-25
Diego Maradona,morte_figura_publica,Diego_Maradona,desktop,automated,2020-10-26,2023-05-25
Diego Maradona,morte_figura_publica,Diego_Maradona,mobile-web,user,2020-10-26,2023-05-25
Diego Maradona,morte_figura_publica,Diego_Maradona,mobile-web,spider,2020-10-26,2023-05-25
Diego Maradona,morte_figura_publica,Diego_Maradona,mobile-web,automated,2020-10-26,2023-05-25
Diego Maradona,morte_figura_publica,Diego_Maradona,mobile-app,user,2020-10-26,2023-05-25
Diego Maradona,morte_figura_publica,Diego_Maradona,mobile-app,spider,2020-10-26,2023-05-25
Diego Maradona,morte_figura_publica,Diego_Maradona,mobile-app,automated,2020-10-26,2023-05-25
Diego Maradona,morte_figura_publica,Argentina,desktop,user,2020-10-26,2023-05-25
Diego Maradona,morte_figura_publica,Argentina,desktop,spider,2020-10-26,2023-05-25
Diego Maradona,morte_figura_publica,Argentina,desktop,automated,2020-10-26,2023-05-25
Diego Maradona,morte_figura_publica,Argentina,mobile-web,user,2020-10-26,2023-05-25
Diego Maradona,morte_figura_publica,Argentina,mobile-web,spider,2020-10-26,2023-05-25
Diego Maradona,morte_figura_publica,Argentina,mobile-web,automated,2020-10-26,2023-05-25
Diego Maradona,morte_figura_publica,Argentina,mobile-app,user,2020-10-26,2023-05-25
Diego Maradona,morte_figura_publica,Argentina,mobile-app,spider,2020-10-26,2023-05-25
Diego Maradona,morte_figura_publica,Argentina,mobile-app,automated,2020-10-26,2023-05-25
Diego Maradona,morte_figura_publica,Argentina_national_football_team,desktop,user,2020-10-26,2023-05-25
Diego Maradona,morte_figura_publica,Argentina_national_football_team,desktop,spider,2020-10-26,2023-05-25
Diego Maradona,morte_figura_publica,Argentina_national_football_team,desktop,automated,2020-10-26,2023-05-25
Diego Maradona,morte_figura_publica,Argentina_national_football_team,mobile-web,user,2020-10-26,2023-05-25
Diego Maradona,morte_figura_publica,Argentina_national_football_team,mobile-web,spider,2020-10-26,2023-05-25
Diego Maradona,morte_figura_publica,Argentina_national_football_team,mobile-web,automated,2020-10-26,2023-05-25
Diego Maradona,morte_figura_publica,Argentina_national_football_team,mobile-app,user,2020-10-26,2023-05-25
Diego Maradona,morte_figura_publica,Argentina_national_football_team,mobile-app,spider,2020-10-26,2023-05-25
Diego Maradona,morte_figura_publica,Argentina_national_football_team,mobile-app,automated,2020-10-26,2023-05-25
Diego Maradona,morte_figura_publica,SSC_Napoli,desktop,user,2020-10-26,2023-05-25
Diego Maradona,morte_figura_publica,SSC_Napoli,desktop,spider,2020-10-26,2023-05-25
Diego Maradona,morte_figura_publica,SSC_Napoli,desktop,automated,2020-10-26,2023-05-25
Diego Maradona,morte_figura_publica,SSC_Napoli,mobile-web,user,2020-10-26,2023-05-25
Diego Maradona,morte_figura_publica,SSC_Napoli,mobile-web,spider,2020-10-26,2023-05-25
Diego Maradona,morte_figura_publica,SSC_Napoli,mobile-web,automated,2020-10-26,2023-05-25
Diego Maradona,morte_figura_publica,SSC_Napoli,mobile-app,user,2020-10-26,2023-05-25
Diego Maradona,morte_figura_publica,SSC_Napoli,mobile-app,spider,2020-10-26,2023-05-25
Diego Maradona,morte_figura_publica,SSC_Napoli,mobile-app,automated,2020-10-26,2023-05-25
Diego Maradona,morte_figura_publica,FC_Barcelona,desktop,user,2020-10-26,2023-05-25
Diego Maradona,morte_figura_publica,FC_Barcelona,desktop,spider,2020-10-26,2023-05-25
Diego Maradona,morte_figura_publica,FC_Barcelona,desktop,automated,2020-10-26,2023-05-25
Diego Maradona,morte_figura_publica,FC_Barcelona,mobile-web,user,2020-10-26,2023-05-25
Diego Maradona,morte_figura_publica,FC_Barcelona,mobile-web,spider,2020-10-26,2023-05-25
Diego Maradona,morte_figura_publica,FC_Barcelona,mobile-web,automated,2020-10-26,2023-05-25
Diego Maradona,morte_figura_publica,FC_Barcelona,mobile-app,user,2020-10-26,2023-05-25
Diego Maradona,morte_figura_publica,FC_Barcelona,mobile-app,spider,2020-10-26,2023-05-25
Diego Maradona,morte_figura_publica,FC_Barcelona,mobile-app,automated,2020-10-26,2023-05-25
Diego Maradona,morte_figura_publica,1986_FIFA_World_Cup,desktop,user,2020-10-26,2023-05-25
Diego Maradona,morte_figura_publica,1986_FIFA_World_Cup,desktop,spider,2020-10-26,2023-05-25
Diego Maradona,morte_figura_publica,1986_FIFA_World_Cup,desktop,automated,2020-10-26,2023-05-25
Diego Maradona,morte_figura_publica,1986_FIFA_World_Cup,mobile-web,user,2020-10-26,2023-05-25
Diego Maradona,morte_figura_publica,1986_FIFA_World_Cup,mobile-web,spider,2020-10-26,2023-05-25
Diego Maradona,morte_figura_publica,1986_FIFA_World_Cup,mobile-web,automated,2020-10-26,2023-05-25
Diego Maradona,morte_figura_publica,1986_FIFA_World_Cup,mobile-app,user,2020-10-26,2023-05-25
Diego Maradona,morte_figura_publica,1986_FIFA_World_Cup,mobile-app,spider,2020-10-26,2023-05-25
Diego Maradona,morte_figura_publica,1986_FIFA_World_Cup,mobile-app,automated,2020-10-26,2023-05-25
Diego Maradona,morte_figura_publica,Buenos_Aires,desktop,user,2020-10-26,2023-05-25
Diego Maradona,morte_figura_publica,Buenos_Aires,desktop,spider,2020-10-26,2023-05-25
Diego Maradona,morte_figura_publica,Buenos_Aires,desktop,automated,2020-10-26,2023-05-25
Diego Maradona,morte_figura_publica,Buenos_Aires,mobile-web,user,2020-10-26,2023-05-25
Diego Maradona,morte_figura_publica,Buenos_Aires,mobile-web,spider,2020-10-26,2023-05-25
Diego Maradona,morte_figura_publica,Buenos_Aires,mobile-web,automated,2020-10-26,2023-05-25
Diego Maradona,morte_figura_publica,Buenos_Aires,mobile-app,user,2020-10-26,2023-05-25
Diego Maradona,morte_figura_publica,Buenos_Aires,mobile-app,spider,2020-10-26,2023-05-25
Diego Maradona,morte_figura_publica,Buenos_Aires,mobile-app,automated,2020-10-26,2023-05-25
Papa Bento XVI,morte_figura_publica,Pope_Benedict_XVI,desktop,user,2022-12-01,2025-06-30
Papa Bento XVI,morte_figura_publica,Pope_Benedict_XVI,desktop,spider,2022-12-01,2025-06-30
Papa Bento XVI,morte_figura_publica,Pope_Benedict_XVI,desktop,automated,2022-12-01,2025-06-30
Papa Bento XVI,morte_figura_publica,Pope_Benedict_XVI,mobile-web,user,2022-12-01,2025-06-30
Papa Bento XVI,morte_figura_publica,Pope_Benedict_XVI,mobile-web,spider,2022-12-01,2025-06-30
Papa Bento XVI,morte_figura_publica,Pope_Benedict_XVI,mobile-web,automated,2022-12-01,2025-06-30
Papa Bento XVI,morte_figura_publica,Pope_Benedict_XVI,mobile-app,user,2022-12-01,2025-06-30
Papa Bento XVI,morte_figura_publica,Pope_Benedict_XVI,mobile-app,spider,2022-12-01,2025-06-30
Papa Bento XVI,morte_figura_publica,Pope_Benedict_XVI,mobile-app,automated,2022-12-01,2025-06-30
Papa Bento XVI,morte_figura_publica,Pope_Francis,desktop,user,2022-12-01,2025-06-30
Papa Bento XVI,morte_figura_publica,Pope_Francis,desktop,spider,2022-12-01,2025-06-30
Papa Bento XVI,morte_figura_publica,Pope_Francis,desktop,automated,2022-12-01,2025-06-30
Papa Bento XVI,morte_figura_publica,Pope_Francis,mobile-web,user,2022-12-01,2025-06-30
Papa Bento XVI,morte_figura_publica,Pope_Francis,mobile-web,spider,2022-12-01,2025-06-30
Papa Bento XVI,morte_figura_publica,Pope_Francis,mobile-web,automated,2022-12-01,2025-06-30
Papa Bento XVI,morte_figura_publica,Pope_Francis,mobile-app,user,2022-12-01,2025-06-30
Papa Bento XVI,morte_figura_publica,Pope_Francis,mobile-app,spider,2022-12-01,2025-06-30
Papa Bento XVI,morte_figura_publica,Pope_Francis,mobile-app,automated,2022-12-01,2025-06-30
Papa Bento XVI,morte_figura_publica,Catholic_Church,desktop,user,2022-12-01,2025-06-30
Papa Bento XVI,morte_figura_publica,Catholic_Church,desktop,spider,2022-12-01,2025-06-30
Papa Bento XVI,morte_figura_publica,Catholic_Church,desktop,automated,2022-12-01,2025-06-30
Papa Bento XVI,morte_figura_publica,Catholic_Church,mobile-web,user,2022-12-01,2025-06-30
Papa Bento XVI,morte_figura_publica,Catholic_Church,mobile-web,spider,2022-12-01,2025-06-30
Papa Bento XVI,morte_figura_publica,Catholic_Church,mobile-web,automated,2022-12-01,2025-06-30
Papa Bento XVI,morte_figura_publica,Catholic_Church,mobile-app,user,2022-12-01,2025-06-30
Papa Bento XVI,morte_figura_publica,Catholic_Church,mobile-app,spider,2022-12-01,2025-06-30
Papa Bento XVI,morte_figura_publica,Catholic_Church,mobile-app,automated,2022-12-01,2025-06-30
Papa Bento XVI,morte_figura_publica,Vatican_City,desktop,user,2022-12-01,2025-06-30
Papa Bento XVI,morte_figura_publica,Vatican_City,desktop,spider,2022-12-01,2025-06-30
Papa Bento XVI,morte_figura_publica,Vatican_City,desktop,automated,2022-12-01,2025-06-30
Papa Bento XVI,morte_figura_publica,Vatican_City,mobile-web,user,2022-12-01,2025-06-30
Papa Bento XVI,morte_figura_publica,Vatican_City,mobile-web,spider,2022-12-01,2025-06-30
Papa Bento XVI,morte_figura_publica,Vatican_City,mobile-web,automated,2022-12-01,2025-06-30
Papa Bento XVI,morte_figura_publica,Vatican_City,mobile-app,user,2022-12-01,2025-06-30
Papa Bento XVI,morte_figura_publica,Vatican_City,mobile-app,spider,2022-12-01,2025-06-30
Papa Bento XVI,morte_figura_publica,Vatican_City,mobile-app,automated,2022-12-01,2025-06-30
Papa Bento XVI,morte_figura_publica,Holy_See,desktop,user,2022-12-01,2025-06-30
Papa Bento XVI,morte_figura_publica,Holy_See,desktop,spider,2022-12-01,2025-06-30
Papa Bento XVI,morte_figura_publica,Holy_See,desktop,automated,2022-12-01,2025-06-30
Papa Bento XVI,morte_figura_publica,Holy_See,mobile-web,user,2022-12-01,2025-06-30
Papa Bento XVI,morte_figura_publica,Holy_See,mobile-web,spider,2022-12-01,2025-06-30
Papa Bento XVI,morte_figura_publica,Holy_See,mobile-web,automated,2022-12-01,2025-06-30
Papa Bento XVI,morte_figura_publica,Holy_See,mobile-app,user,2022-12-01,2025-06-30
Papa Bento XVI,morte_figura_publica,Holy_See,mobile-app,spider,2022-12-01,2025-06-30
Papa Bento XVI,morte_figura_publica,Holy_See,mobile-app,automated,2022-12-01,2025-06-30
Papa Bento XVI,morte_figura_publica,Germany,desktop,user,2022-12-01,2025-06-30
Papa Bento XVI,morte_figura_publica,Germany,desktop,spider,2022-12-01,2025-06-30
Papa Bento XVI,morte_figura_publica,Germany,desktop,automated,2022-12-01,2025-06-30
Papa Bento XVI,morte_figura_publica,Germany,mobile-web,user,2022-12-01,2025-06-30
Papa Bento XVI,morte_figura_publica,Germany,mobile-web,spider,2022-12-01,2025-06-30
Papa Bento XVI,morte_figura_publica,Germany,mobile-web,automated,2022-12-01,2025-06-30
Papa Bento XVI,morte_figura_publica,Germany,mobile-app,user,2022-12-01,2025-06-30
Papa Bento XVI,morte_figura_publica,Germany,mobile-app,spider,2022-12-01,2025-06-30
Papa Bento XVI,morte_figura_publica,Germany,mobile-app,automated,2022-12-01,2025-06-30
Kobe Bryant,morte_figura_publica,Kobe_Bryant,desktop,user,2019-12-27,2022-07-26
Kobe Bryant,morte_figura_publica,Kobe_Bryant,desktop,spider,2019-12-27,2022-07-26
Kobe Bryant,morte_figura_publica,Kobe_Bryant,desktop,automated,2019-12-27,2022-07-26
Kobe Bryant,morte_figura_publica,Kobe_Bryant,mobile-web,user,2019-12-27,2022-07-26
Kobe Bryant,morte_figura_publica,Kobe_Bryant,mobile-web,spider,2019-12-27,2022-07-26
Kobe Bryant,morte_figura_publica,Kobe_Bryant,mobile-web,automated,2019-12-27,2022-07-26
Kobe Bryant,morte_figura_publica,Kobe_Bryant,mobile-app,user,2019-12-27,2022-07-26
Kobe Bryant,morte_figura_publica,Kobe_Bryant,mobile-app,spider,2019-12-27,2022-07-26
Kobe Bryant,morte_figura_publica,Kobe_Bryant,mobile-app,automated,2019-12-27,2022-07-26
Kobe Bryant,morte_figura_publica,Los_Angeles_Lakers,desktop,user,2019-12-27,2022-07-26
Kobe Bryant,morte_figura_publica,Los_Angeles_Lakers,desktop,spider,2019-12-27,2022-07-26
Kobe Bryant,morte_figura_publica,Los_Angeles_Lakers,desktop,automated,2019-12-27,2022-07-26
Kobe Bryant,morte_figura_publica,Los_Angeles_Lakers,mobile-web,user,2019-12-27,2022-07-26
Kobe Bryant,morte_figura_publica,Los_Angeles_Lakers,mobile-web,spider,2019-12-27,2022-07-26
Kobe Bryant,morte_figura_publica,Los_Angeles_Lakers,mobile-web,automated,2019-12-27,2022-07-26
Kobe Bryant,morte_figura_publica,Los_Angeles_Lakers,mobile-app,user,2019-12-27,2022-07-26
Kobe Bryant,morte_figura_publica,Los_Angeles_Lakers,mobile-app,spider,2019-12-27,2022-07-26
Kobe Bryant,morte_figura_publica,Los_Angeles_Lakers,mobile-app,automated,2019-12-27,2022-07-26
Kobe Bryant,morte_figura_publica,National_Basketball_Association,desktop,user,2019-12-27,2022-07-26
Kobe Bryant,morte_figura_publica,National_Basketball_Association,desktop,spider,2019-12-27,2022-07-26
Kobe Bryant,morte_figura_publica,National_Basketball_Association,desktop,automated,2019-12-27,2022-07-26
Kobe Bryant,morte_figura_publica,National_Basketball_Association,mobile-web,user,2019-12-27,2022-07-26
Kobe Bryant,morte_figura_publica,National_Basketball_Association,mobile-web,spider,2019-12-27,2022-07-26
Kobe Bryant,morte_figura_publica,National_Basketball_Association,mobile-web,automated,2019-12-27,2022-07-26
Kobe Bryant,morte_figura_publica,National_Basketball_Association,mobile-app,user,2019-12-27,2022-07-26
Kobe Bryant,morte_figura_publica,National_Basketball_Association,mobile-app,spider,2019-12-27,2022-07-26
Kobe Bryant,morte_figura_publica,National_Basketball_Association,mobile-app,automated,2019-12-27,2022-07-26
Kobe Bryant,morte_figura_publica,Gianna_Bryant,desktop,user,2019-12-27,2022-07-26
Kobe Bryant,morte_figura_publica,Gianna_Bryant,desktop,spider,2019-12-27,2022-07-26
Kobe Bryant,morte_figura_publica,Gianna_Bryant,desktop,automated,2019-12-27,2022-07-26
Kobe Bryant,morte_figura_publica,Gianna_Bryant,mobile-web,user,2019-12-27,2022-07-26
Kobe Bryant,morte_figura_publica,Gianna_Bryant,mobile-web,spider,2019-12-27,2022-07-26
Kobe Bryant,morte_figura_publica,Gianna_Bryant,mobile-web,automated,2019-12-27,2022-07-26
Kobe Bryant,morte_figura_publica,Gianna_Bryant,mobile-app,user,2019-12-27,2022-07-26
Kobe Bryant,morte_figura_publica,Gianna_Bryant,mobile-app,spider,2019-12-27,2022-07-26
Kobe Bryant,morte_figura_publica,Gianna_Bryant,mobile-app,automated,2019-12-27,2022-07-26
Kobe Bryant,morte_figura_publica,"Calabasas,_California",desktop,user,2019-12-27,2022-07-26
Kobe Bryant,morte_figura_publica,"Calabasas,_California",desktop,spider,2019-12-27,2022-07-26
Kobe Bryant,morte_figura_publica,"Calabasas,_California",desktop,automated,2019-12-27,2022-07-26
Kobe Bryant,morte_figura_publica,"Calabasas,_California",mobile-web,user,2019-12-27,2022-07-26
Kobe Bryant,morte_figura_publica,"Calabasas,_California",mobile-web,spider,2019-12-27,2022-07-26
Kobe Bryant,morte_figura_publica,"Calabasas,_California",mobile-web,automated,2019-12-27,2022-07-26
Kobe Bryant,morte_figura_publica,"Calabasas,_California",mobile-app,user,2019-12-27,2022-07-26
Kobe Bryant,morte_figura_publica,"Calabasas,_California",mobile-app,spider,2019-12-27,2022-07-26
Kobe Bryant,morte_figura_publica,"Calabasas,_California",mobile-app,automated,2019-12-27,2022-07-26
Kobe Bryant,morte_figura_publica,Vanessa_Bryant,desktop,user,2019-12-27,2022-07-26
Kobe Bryant,morte_figura_publica,Vanessa_Bryant,desktop,spider,2019-12-27,2022-07-26
Kobe Bryant,morte_figura_publica,Vanessa_Bryant,desktop,automated,2019-12-27,2022-07-26
Kobe Bryant,morte_figura_publica,Vanessa_Bryant,mobile-web,user,2019-12-27,2022-07-26
Kobe Bryant,morte_figura_publica,Vanessa_Bryant,mobile-web,spider,2019-12-27,2022-07-26
Kobe Bryant,morte_figura_publica,Vanessa_Bryant,mobile-web,automated,2019-12-27,2022-07-26
Kobe Bryant,morte_figura_publica,Vanessa_Bryant,mobile-app,user,2019-12-27,2022-07-26
Kobe Bryant,morte_figura_publica,Vanessa_Bryant,mobile-app,spider,2019-12-27,2022-07-26
Kobe Bryant,morte_figura_publica,Vanessa_Bryant,mobile-app,automated,2019-12-27,2022-07-26
Apple Vision Pro,lancamento_produto,Apple_Vision_Pro,desktop,user,2024-01-03,2026-08-02
Apple Vision Pro,lancamento_produto,Apple_Vision_Pro,desktop,spider,2024-01-03,2026-08-02
Apple Vision Pro,lancamento_produto,Apple_Vision_Pro,desktop,automated,2024-01-03,2026-08-02
Apple Vision Pro,lancamento_produto,Apple_Vision_Pro,mobile-web,user,2024-01-03,2026-08-02
Apple Vision Pro,lancamento_produto,Apple_Vision_Pro,mobile-web,spider,2024-01-03,2026-08-02
Apple Vision Pro,lancamento_produto,Apple_Vision_Pro,mobile-web,automated,2024-01-03,2026-08-02
Apple Vision Pro,lancamento_produto,Apple_Vision_Pro,mobile-app,user,2024-01-03,2026-08-02
Apple Vision Pro,lancamento_produto,Apple_Vision_Pro,mobile-app,spider,2024-01-03,2026-08-02
Apple Vision Pro,lancamento_produto,Apple_Vision_Pro,mobile-app,automated,2024-01-03,2026-08-02
Apple Vision Pro,lancamento_produto,Apple_Inc.,desktop,user,2024-01-03,2026-08-02
Apple Vision Pro,lancamento_produto,Apple_Inc.,desktop,spider,2024-01-03,2026-08-02
Apple Vision Pro,lancamento_produto,Apple_Inc.,desktop,automated,2024-01-03,2026-08-02
Apple Vision Pro,lancamento_produto,Apple_Inc.,mobile-web,user,2024-01-03,2026-08-02
Apple Vision Pro,lancamento_produto,Apple_Inc.,mobile-web,spider,2024-01-03,2026-08-02
Apple Vision Pro,lancamento_produto,Apple_Inc.,mobile-web,automated,2024-01-03,2026-08-02
Apple Vision Pro,lancamento_produto,Apple_Inc.,mobile-app,user,2024-01-03,2026-08-02
Apple Vision Pro,lancamento_produto,Apple_Inc.,mobile-app,spider,2024-01-03,2026-08-02
Apple Vision Pro,lancamento_produto,Apple_Inc.,mobile-app,automated,2024-01-03,2026-08-02
Apple Vision Pro,lancamento_produto,Tim_Cook,desktop,user,2024-01-03,2026-08-02
Apple Vision Pro,lancamento_produto,Tim_Cook,desktop,spider,2024-01-03,2026-08-02
Apple Vision Pro,lancamento_produto,Tim_Cook,desktop,automated,2024-01-03,2026-08-02
Apple Vision Pro,lancamento_produto,Tim_Cook,mobile-web,user,2024-01-03,2026-08-02
Apple Vision Pro,lancamento_produto,Tim_Cook,mobile-web,spider,2024-01-03,2026-08-02
Apple Vision Pro,lancamento_produto,Tim_Cook,mobile-web,automated,2024-01-03,2026-08-02
Apple Vision Pro,lancamento_produto,Tim_Cook,mobile-app,user,2024-01-03,2026-08-02
Apple Vision Pro,lancamento_produto,Tim_Cook,mobile-app,spider,2024-01-03,2026-08-02
Apple Vision Pro,lancamento_produto,Tim_Cook,mobile-app,automated,2024-01-03,2026-08-02
Apple Vision Pro,lancamento_produto,Augmented_reality,desktop,user,2024-01-03,2026-08-02
Apple Vision Pro,lancamento_produto,Augmented_reality,desktop,spider,2024-01-03,2026-08-02
Apple Vision Pro,lancamento_produto,Augmented_reality,desktop,automated,2024-01-03,2026-08-02
Apple Vision Pro,lancamento_produto,Augmented_reality,mobile-web,user,2024-01-03,2026-08-02
Apple Vision Pro,lancamento_produto,Augmented_reality,mobile-web,spider,2024-01-03,2026-08-02
Apple Vision Pro,lancamento_produto,Augmented_reality,mobile-web,automated,2024-01-03,2026-08-02
Apple Vision Pro,lancamento_produto,Augmented_reality,mobile-app,user,2024-01-03,2026-08-02
Apple Vision Pro,lancamento_produto,Augmented_reality,mobile-app,spider,2024-01-03,2026-08-02
Apple Vision Pro,lancamento_produto,Augmented_reality,mobile-app,automated,2024-01-03,2026-08-02
Apple Vision Pro,lancamento_produto,VisionOS,desktop,user,2024-01-03,2026-08-02
Apple Vision Pro,lancamento_produto,VisionOS,desktop,spider,2024-01-03,2026-08-02
Apple Vision Pro,lancamento_produto,VisionOS,desktop,automated,2024-01-03,2026-08-02
Apple Vision Pro,lancamento_produto,VisionOS,mobile-web,user,2024-01-03,2026-08-02
Apple Vision Pro,lancamento_produto,VisionOS,mobile-web,spider,2024-01-03,2026-08-02
Apple Vision Pro,lancamento_produto,VisionOS,mobile-web,automated,2024-01-03,2026-08-02
Apple Vision Pro,lancamento_produto,VisionOS,mobile-app,user,2024-01-03,2026-08-02
Apple Vision Pro,lancamento_produto,VisionOS,mobile-app,spider,2024-01-03,2026-08-02
Apple Vision Pro,lancamento_produto,VisionOS,mobile-app,automated,2024-01-03,2026-08-02
Apple Vision Pro,lancamento_produto,Meta_Quest,desktop,user,2024-01-03,2026-08-02
Apple Vision Pro,lancamento_produto,Meta_Quest,desktop,spider,2024-01-03,2026-08-02
Apple Vision Pro,lancamento_produto,Meta_Quest,desktop,automated,2024-01-03,2026-08-02
Apple Vision Pro,lancamento_produto,Meta_Quest,mobile-web,user,2024-01-03,2026-08-02
Apple Vision Pro,lancamento_produto,Meta_Quest,mobile-web,spider,2024-01-03,2026-08-02
Apple Vision Pro,lancamento_produto,Meta_Quest,mobile-web,automated,2024-01-03,2026-08-02
Apple Vision Pro,lancamento_produto,Meta_Quest,mobile-app,user,2024-01-03,2026-08-02
Apple Vision Pro,lancamento_produto,Meta_Quest,mobile-app,spider,2024-01-03,2026-08-02
Apple Vision Pro,lancamento_produto,Meta_Quest,mobile-app,automated,2024-01-03,2026-08-02
Threads Meta,lancamento_produto,Threads_(social_network),desktop,user,2023-06-05,2025-01-05
Threads Meta,lancamento_produto,Threads_(social_network),desktop,spider,2023-06-05,2025-01-05
Threads Meta,lancamento_produto,Threads_(social_network),desktop,automated,2023-06-05,2025-01-05
Threads Meta,lancamento_produto,Threads_(social_network),mobile-web,user,2023-06-05,2025-01-05
Threads Meta,lancamento_produto,Threads_(social_network),mobile-web,spider,2023-06-05,2025-01-05
Threads Meta,lancamento_produto,Threads_(social_network),mobile-web,automated,2023-06-05,2025-01-05
Threads Meta,lancamento_produto,Threads_(social_network),mobile-app,user,2023-06-05,2025-01-05
Threads Meta,lancamento_produto,Threads_(social_network),mobile-app,spider,2023-06-05,2025-01-05
Threads Meta,lancamento_produto,Threads_(social_network),mobile-app,automated,2023-06-05,2025-01-05
Threads Meta,lancamento_produto,Meta_Platforms,desktop,user,2023-06-05,2025-01-05
Threads Meta,lancamento_produto,Meta_Platforms,desktop,spider,2023-06-05,2025-01-05
Threads Meta,lancamento_produto,Meta_Platforms,desktop,automated,2023-06-05,2025-01-05
Threads Meta,lancamento_produto,Meta_Platforms,mobile-web,user,2023-06-05,2025-01-05
Threads Meta,lancamento_produto,Meta_Platforms,mobile-web,spider,2023-06-05,2025-01-05
Threads Meta,lancamento_produto,Meta_Platforms,mobile-web,automated,2023-06-05,2025-01-05
Threads Meta,lancamento_produto,Meta_Platforms,mobile-app,user,2023-06-05,2025-01-05
Threads Meta,lancamento_produto,Meta_Platforms,mobile-app,spider,2023-06-05,2025-01-05
Threads Meta,lancamento_produto,Meta_Platforms,mobile-app,automated,2023-06-05,2025-01-05
Threads Meta,lancamento_produto,Mark_Zuckerberg,desktop,user,2023-06-05,2025-01-05
Threads Meta,lancamento_produto,Mark_Zuckerberg,desktop,spider,2023-06-05,2025-01-05
Threads Meta,lancamento_produto,Mark_Zuckerberg,desktop,automated,2023-06-05,2025-01-05
Threads Meta,lancamento_produto,Mark_Zuckerberg,mobile-web,user,2023-06-05,2025-01-05
Threads Meta,lancamento_produto,Mark_Zuckerberg,mobile-web,spider,2023-06-05,2025-01-05
Threads Meta,lancamento_produto,Mark_Zuckerberg,mobile-web,automated,2023-06-05,2025-01-05
Threads Meta,lancamento_produto,Mark_Zuckerberg,mobile-app,user,2023-06-05,2025-01-05
Threads Meta,lancamento_produto,Mark_Zuckerberg,mobile-app,spider,2023-06-05,2025-01-05
Threads Meta,lancamento_produto,Mark_Zuckerberg,mobile-app,automated,2023-06-05,2025-01-05
Threads Meta,lancamento_produto,Instagram,desktop,user,2023-06-05,2025-01-05
Threads Meta,lancamento_produto,Instagram,desktop,spider,2023-06-05,2025-01-05
Threads Meta,lancamento_produto,Instagram,desktop,automated,2023-06-05,2025-01-05
Threads Meta,lancamento_produto,Instagram,mobile-web,user,2023-06-05,2025-01-05
Threads Meta,lancamento_produto,Instagram,mobile-web,spider,2023-06-05,2025-01-05
Threads Meta,lancamento_produto,Instagram,mobile-web,automated,2023-06-05,2025-01-05
Threads Meta,lancamento_produto,Instagram,mobile-app,user,2023-06-05,2025-01-05
Threads Meta,lancamento_produto,Instagram,mobile-app,spider,2023-06-05,2025-01-05
Threads Meta,lancamento_produto,Instagram,mobile-app,automated,2023-06-05,2025-01-05
Threads Meta,lancamento_produto,Twitter,desktop,user,2023-06-05,2025-01-05
Threads Meta,lancamento_produto,Twitter,desktop,spider,2023-06-05,2025-01-05
Threads Meta,lancamento_produto,Twitter,desktop,automated,2023-06-05,2025-01-05
Threads Meta,lancamento_produto,Twitter,mobile-web,user,2023-06-05,2025-01-05
Threads Meta,lancamento_produto,Twitter,mobile-web,spider,2023-06-05,2025-01-05
Threads Meta,lancamento_produto,Twitter,mobile-web,automated,2023-06-05,2025-01-05
Threads Meta,lancamento_produto,Twitter,mobile-app,user,2023-06-05,2025-01-05
Threads Meta,lancamento_produto,Twitter,mobile-app,spider,2023-06-05,2025-01-05
Threads Meta,lancamento_produto,Twitter,mobile-app,automated,2023-06-05,2025-01-05
Threads Meta,lancamento_produto,Elon_Musk,desktop,user,2023-06-05,2025-01-05
Threads Meta,lancamento_produto,Elon_Musk,desktop,spider,2023-06-05,2025-01-05
Threads Meta,lancamento_produto,Elon_Musk,desktop,automated,2023-06-05,2025-01-05
Threads Meta,lancamento_produto,Elon_Musk,mobile-web,user,2023-06-05,2025-01-05
Threads Meta,lancamento_produto,Elon_Musk,mobile-web,spider,2023-06-05,2025-01-05
Threads Meta,lancamento_produto,Elon_Musk,mobile-web,automated,2023-06-05,2025-01-05
Threads Meta,lancamento_produto,Elon_Musk,mobile-app,user,2023-06-05,2025-01-05
Threads Meta,lancamento_produto,Elon_Musk,mobile-app,spider,2023-06-05,2025-01-05
Threads Meta,lancamento_produto,Elon_Musk,mobile-app,automated,2023-06-05,2025-01-05
Threads Meta,lancamento_produto,X_Corp,desktop,user,2023-06-05,2025-01-05
Threads Meta,lancamento_produto,X_Corp,desktop,spider,2023-06-05,2025-01-05
Threads Meta,lancamento_produto,X_Corp,desktop,automated,2023-06-05,2025-01-05
Threads Meta,lancamento_produto,X_Corp,mobile-web,user,2023-06-05,2025-01-05
Threads Meta,lancamento_produto,X_Corp,mobile-web,spider,2023-06-05,2025-01-05
Threads Meta,lancamento_produto,X_Corp,mobile-web,automated,2023-06-05,2025-01-05
Threads Meta,lancamento_produto,X_Corp,mobile-app,user,2023-06-05,2025-01-05
Threads Meta,lancamento_produto,X_Corp,mobile-app,spider,2023-06-05,2025-01-05
Threads Meta,lancamento_produto,X_Corp,mobile-app,automated,2023-06-05,2025-01-05
Google Gemini,lancamento_produto,Gemini_(language_model),desktop,user,2023-11-06,2026-06-06
Google Gemini,lancamento_produto,Gemini_(language_model),desktop,spider,2023-11-06,2026-06-06
Google Gemini,lancamento_produto,Gemini_(language_model),desktop,automated,2023-11-06,2026-06-06
Google Gemini,lancamento_produto,Gemini_(language_model),mobile-web,user,2023-11-06,2026-06-06
Google Gemini,lancamento_produto,Gemini_(language_model),mobile-web,spider,2023-11-06,2026-06-06
Google Gemini,lancamento_produto,Gemini_(language_model),mobile-web,automated,2023-11-06,2026-06-06
Google Gemini,lancamento_produto,Gemini_(language_model),mobile-app,user,2023-11-06,2026-06-06
Google Gemini,lancamento_produto,Gemini_(language_model),mobile-app,spider,2023-11-06,2026-06-06
Google Gemini,lancamento_produto,Gemini_(language_model),mobile-app,automated,2023-11-06,2026-06-06
Google Gemini,lancamento_produto,Google,desktop,user,2023-11-06,2026-06-06
Google Gemini,lancamento_produto,Google,desktop,spider,2023-11-06,2026-06-06
Google Gemini,lancamento_produto,Google,desktop,automated,2023-11-06,2026-06-06
Google Gemini,lancamento_produto,Google,mobile-web,user,2023-11-06,2026-06-06
Google Gemini,lancamento_produto,Google,mobile-web,spider,2023-11-06,2026-06-06
Google Gemini,lancamento_produto,Google,mobile-web,automated,2023-11-06,2026-06-06
Google Gemini,lancamento_produto,Google,mobile-app,user,2023-11-06,2026-06-06
Google Gemini,lancamento_produto,Google,mobile-app,spider,2023-11-06,2026-06-06
Google Gemini,lancamento_produto,Google,mobile-app,automated,2023-11-06,2026-06-06
Google Gemini,lancamento_produto,Sundar_Pichai,desktop,user,2023-11-06,2026-06-06
Google Gemini,lancamento_produto,Sundar_Pichai,desktop,spider,2023-11-06,2026-06-06
Google Gemini,lancamento_produto,Sundar_Pichai,desktop,automated,2023-11-06,2026-06-06
Google Gemini,lancamento_produto,Sundar_Pichai,mobile-web,user,2023-11-06,2026-06-06
Google Gemini,lancamento_produto,Sundar_Pichai,mobile-web,spider,2023-11-06,2026-06-06
Google Gemini,lancamento_produto,Sundar_Pichai,mobile-web,automated,2023-11-06,2026-06-06
Google Gemini,lancamento_produto,Sundar_Pichai,mobile-app,user,2023-11-06,2026-06-06
Google Gemini,lancamento_produto,Sundar_Pichai,mobile-app,spider,2023-11-06,2026-06-06
Google Gemini,lancamento_produto,Sundar_Pichai,mobile-app,automated,2023-11-06,2026-06-06
Google Gemini,lancamento_produto,Artificial_intelligence,desktop,user,2023-11-06,2026-06-06
Google Gemini,lancamento_produto,Artificial_intelligence,desktop,spider,2023-11-06,2026-06-06
Google Gemini,lancamento_produto,Artificial_intelligence,desktop,automated,2023-11-06,2026-06-06
Google Gemini,lancamento_produto,Artificial_intelligence,mobile-web,user,2023-11-06,2026-06-06
Google Gemini,lancamento_produto,Artificial_intelligence,mobile-web,spider,2023-11-06,2026-06-06
Google Gemini,lancamento_produto,Artificial_intelligence,mobile-web,automated,2023-11-06,2026-06-06
Google Gemini,lancamento_produto,Artificial_intelligence,mobile-app,user,2023-11-06,2026-06-06
Google Gemini,lancamento_produto,Artificial_intelligence,mobile-app,spider,2023-11-06,2026-06-06
Google Gemini,lancamento_produto,Artificial_intelligence,mobile-app,automated,2023-11-06,2026-06-06
Google Gemini,lancamento_produto,ChatGPT,desktop,user,2023-11-06,2026-06-06
Google Gemini,lancamento_produto,ChatGPT,desktop,spider,2023-11-06,2026-06-06
Google Gemini,lancamento_produto,ChatGPT,desktop,automated,2023-11-06,2026-06-06
Google Gemini,lancamento_produto,ChatGPT,mobile-web,user,2023-11-06,2026-06-06
Google Gemini,lancamento_produto,ChatGPT,mobile-web,spider,2023-11-06,2026-06-06
Google Gemini,lancamento_produto,ChatGPT,mobile-web,automated,2023-11-06,2026-06-06
Google Gemini,lancamento_produto,ChatGPT,mobile-app,user,2023-11-06,2026-06-06
Google Gemini,lancamento_produto,ChatGPT,mobile-app,spider,2023-11-06,2026-06-06
Google Gemini,lancamento_produto,ChatGPT,mobile-app,automated,2023-11-06,2026-06-06
Google Gemini,lancamento_produto,DeepMind,desktop,user,2023-11-06,2026-06-06
Google Gemini,lancamento_produto,DeepMind,desktop,spider,2023-11-06,2026-06-06
Google Gemini,lancamento_produto,DeepMind,desktop,automated,2023-11-06,2026-06-06
Google Gemini,lancamento_produto,DeepMind,mobile-web,user,2023-11-06,2026-06-06
Google Gemini,lancamento_produto,DeepMind,mobile-web,spider,2023-11-06,2026-06-06
Google Gemini,lancamento_produto,DeepMind,mobile-web,automated,2023-11-06,2026-06-06
Google Gemini,lancamento_produto,DeepMind,mobile-app,user,2023-11-06,2026-06-06
Google Gemini,lancamento_produto,DeepMind,mobile-app,spider,2023-11-06,2026-06-06
Google Gemini,lancamento_produto,DeepMind,mobile-app,automated,2023-11-06,2026-06-06
Google Gemini,lancamento_produto,Bard_(chatbot),desktop,user,2023-11-06,2026-06-06
Google Gemini,lancamento_produto,Bard_(chatbot),desktop,spider,2023-11-06,2026-06-06
Google Gemini,lancamento_produto,Bard_(chatbot),desktop,automated,2023-11-06,2026-06-06
Google Gemini,lancamento_produto,Bard_(chatbot),mobile-web,user,2023-11-06,2026-06-06
Google Gemini,lancamento_produto,Bard_(chatbot),mobile-web,spider,2023-11-06,2026-06-06
Google Gemini,lancamento_produto,Bard_(chatbot),mobile-web,automated,2023-11-06,2026-06-06
Google Gemini,lancamento_produto,Bard_(chatbot),mobile-app,user,2023-11-06,2026-06-06
Google Gemini,lancamento_produto,Bard_(chatbot),mobile-app,spider,2023-11-06,2026-06-06
Google Gemini,lancamento_produto,Bard_(chatbot),mobile-app,automated,2023-11-06,2026-06-06
Samsung Galaxy S24,lancamento_produto,Samsung_Galaxy_S24,desktop,user,2023-12-18,2026-07-17
Samsung Galaxy S24,lancamento_produto,Samsung_Galaxy_S24,desktop,spider,2023-12-18,2026-07-17
Samsung Galaxy S24,lancamento_produto,Samsung_Galaxy_S24,desktop,automated,2023-12-18,2026-07-17
Samsung Galaxy S24,lancamento_produto,Samsung_Galaxy_S24,mobile-web,user,2023-12-18,2026-07-17
Samsung Galaxy S24,lancamento_produto,Samsung_Galaxy_S24,mobile-web,spider,2023-12-18,2026-07-17
Samsung Galaxy S24,lancamento_produto,Samsung_Galaxy_S24,mobile-web,automated,2023-12-18,2026-07-17
Samsung Galaxy S24,lancamento_produto,Samsung_Galaxy_S24,mobile-app,user,2023-12-18,2026-07-17
Samsung Galaxy S24,lancamento_produto,Samsung_Galaxy_S24,mobile-app,spider,2023-12-18,2026-07-17
Samsung Galaxy S24,lancamento_produto,Samsung_Galaxy_S24,mobile-app,automated,2023-12-18,2026-07-17
Samsung Galaxy S24,lancamento_produto,Samsung_Electronics,desktop,user,2023-12-18,2026-07-17
Samsung Galaxy S24,lancamento_produto,Samsung_Electronics,desktop,spider,2023-12-18,2026-07-17
Samsung Galaxy S24,lancamento_produto,Samsung_Electronics,desktop,automated,2023-12-18,2026-07-17
Samsung Galaxy S24,lancamento_produto,Samsung_Electronics,mobile-web,user,2023-12-18,2026-07-17
Samsung Galaxy S24,lancamento_produto,Samsung_Electronics,mobile-web,spider,2023-12-18,2026-07-17
Samsung Galaxy S24,lancamento_produto,Samsung_Electronics,mobile-web,automated,2023-12-18,2026-07-17
Samsung Galaxy S24,lancamento_produto,Samsung_Electronics,mobile-app,user,2023-12-18,2026-07-17
Samsung Galaxy S24,lancamento_produto,Samsung_Electronics,mobile-app,spider,2023-12-18,2026-07-17
Samsung Galaxy S24,lancamento_produto,Samsung_Electronics,mobile-app,automated,2023-12-18,2026-07-17
Samsung Galaxy S24,lancamento_produto,Samsung_Galaxy,desktop,user,2023-12-18,2026-07-17
Samsung Galaxy S24,lancamento_produto,Samsung_Galaxy,desktop,spider,2023-12-18,2026-07-17
Samsung Galaxy S24,lancamento_produto,Samsung_Galaxy,desktop,automated,2023-12-18,2026-07-17
Samsung Galaxy S24,lancamento_produto,Samsung_Galaxy,mobile-web,user,2023-12-18,2026-07-17
Samsung Galaxy S24,lancamento_produto,Samsung_Galaxy,mobile-web,spider,2023-12-18,2026-07-17
Samsung Galaxy S24,lancamento_produto,Samsung_Galaxy,mobile-web,automated,2023-12-18,2026-07-17
Samsung Galaxy S24,lancamento_produto,Samsung_Galaxy,mobile-app,user,2023-12-18,2026-07-17
Samsung Galaxy S24,lancamento_produto,Samsung_Galaxy,mobile-app,spider,2023-12-18,2026-07-17
Samsung Galaxy S24,lancamento_produto,Samsung_Galaxy,mobile-app,automated,2023-12-18,2026-07-17
Samsung Galaxy S24,lancamento_produto,Android_(operating_system),desktop,user,2023-12-18,2026-07-17
Samsung Galaxy S24,lancamento_produto,Android_(operating_system),desktop,spider,2023-12-18,2026-07-17
Samsung Galaxy S24,lancamento_produto,Android_(operating_system),desktop,automated,2023-12-18,2026-07-17
Samsung Galaxy S24,lancamento_produto,Android_(operating_system),mobile-web,user,2023-12-18,2026-07-17
Samsung Galaxy S24,lancamento_produto,Android_(operating_system),mobile-web,spider,2023-12-18,2026-07-17
Samsung Galaxy S24,lancamento_produto,Android_(operating_system),mobile-web,automated,2023-12-18,2026-07-17
Samsung Galaxy S24,lancamento_produto,Android_(operating_system),mobile-app,user,2023-12-18,2026-07-17
Samsung Galaxy S24,lancamento_produto,Android_(operating_system),mobile-app,spider,2023-12-18,2026-07-17
Samsung Galaxy S24,lancamento_produto,Android_(operating_system),mobile-app,automated,2023-12-18,2026-07-17
Samsung Galaxy S24,lancamento_produto,Smartphone,desktop,user,2023-12-18,2026-07-17
Samsung Galaxy S24,lancamento_produto,Smartphone,desktop,spider,2023-12-18,2026-07-17
Samsung Galaxy S24,lancamento_produto,Smartphone,desktop,automated,2023-12-18,2026-07-17
Samsung Galaxy S24,lancamento_produto,Smartphone,mobile-web,user,2023-12-18,2026-07-17
Samsung Galaxy S24,lancamento_produto,Smartphone,mobile-web,spider,2023-12-18,2026-07-17
Samsung Galaxy S24,lancamento_produto,Smartphone,mobile-web,automated,2023-12-18,2026-07-17
Samsung Galaxy S24,lancamento_produto,Smartphone,mobile-app,user,2023-12-18,2026-07-17
Samsung Galaxy S24,lancamento_produto,Smartphone,mobile-app,spider,2023-12-18,2026-07-17
Samsung Galaxy S24,lancamento_produto,Smartphone,mobile-app,automated,2023-12-18,2026-07-17
Samsung Galaxy S24,lancamento_produto,Qualcomm_Snapdragon,desktop,user,2023-12-18,2026-07-17
Samsung Galaxy S24,lancamento_produto,Qualcomm_Snapdragon,desktop,spider,2023-12-18,2026-07-17
Samsung Galaxy S24,lancamento_produto,Qualcomm_Snapdragon,desktop,automated,2023-12-18,2026-07-17
Samsung Galaxy S24,lancamento_produto,Qualcomm_Snapdragon,mobile-web,user,2023-12-18,2026-07-17
Samsung Galaxy S24,lancamento_produto,Qualcomm_Snapdragon,mobile-web,spider,2023-12-18,2026-07-17
Samsung Galaxy S24,lancamento_produto,Qualcomm_Snapdragon,mobile-web,automated,2023-12-18,2026-07-17
Samsung Galaxy S24,lancamento_produto,Qualcomm_Snapdragon,mobile-app,user,2023-12-18,2026-07-17
Samsung Galaxy S24,lancamento_produto,Qualcomm_Snapdragon,mobile-app,spider,2023-12-18,2026-07-17
Samsung Galaxy S24,lancamento_produto,Qualcomm_Snapdragon,mobile-app,automated,2023-12-18,2026-07-17
Imagens James Webb,ciencia_global,James_Webb_Space_Telescope,desktop,user,2022-06-12,2024-01-12
Imagens James Webb,ciencia_global,James_Webb_Space_Telescope,desktop,spider,2022-06-12,2024-01-12
Imagens James Webb,ciencia_global,James_Webb_Space_Telescope,desktop,automated,2022-06-12,2024-01-12
Imagens James Webb,ciencia_global,James_Webb_Space_Telescope,mobile-web,user,2022-06-12,2024-01-12
Imagens James Webb,ciencia_global,James_Webb_Space_Telescope,mobile-web,spider,2022-06-12,2024-01-12
Imagens James Webb,ciencia_global,James_Webb_Space_Telescope,mobile-web,automated,2022-06-12,2024-01-12
Imagens James Webb,ciencia_global,James_Webb_Space_Telescope,mobile-app,user,2022-06-12,2024-01-12
Imagens James Webb,ciencia_global,James_Webb_Space_Telescope,mobile-app,spider,2022-06-12,2024-01-12
Imagens James Webb,ciencia_global,James_Webb_Space_Telescope,mobile-app,automated,2022-06-12,2024-01-12
Imagens James Webb,ciencia_global,NASA,desktop,user,2022-06-12,2024-01-12
Imagens James Webb,ciencia_global,NASA,desktop,spider,2022-06-12,2024-01-12
Imagens James Webb,ciencia_global,NASA,desktop,automated,2022-06-12,2024-01-12
Imagens James Webb,ciencia_global,NASA,mobile-web,user,2022-06-12,2024-01-12
Imagens James Webb,ciencia_global,NASA,mobile-web,spider,2022-06-12,2024-01-12
Imagens James Webb,ciencia_global,NASA,mobile-web,automated,2022-06-12,2024-01-12
Imagens James Webb,ciencia_global,NASA,mobile-app,user,2022-06-12,2024-01-12
Imagens James Webb,ciencia_global,NASA,mobile-app,spider,2022-06-12,2024-01-12
Imagens James Webb,ciencia_global,NASA,mobile-app,automated,2022-06-12,2024-01-12
Imagens James Webb,ciencia_global,European_Space_Agency,desktop,user,2022-06-12,2024-01-12
Imagens James Webb,ciencia_global,European_Space_Agency,desktop,spider,2022-06-12,2024-01-12
Imagens James Webb,ciencia_global,European_Space_Agency,desktop,automated,2022-06-12,2024-01-12
Imagens James Webb,ciencia_global,European_Space_Agency,mobile-web,user,2022-06-12,2024-01-12
Imagens James Webb,ciencia_global,European_Space_Agency,mobile-web,spider,2022-06-12,2024-01-12
Imagens James Webb,ciencia_global,European_Space_Agency,mobile-web,automated,2022-06-12,2024-01-12
Imagens James Webb,ciencia_global,European_Space_Agency,mobile-app,user,2022-06-12,2024-01-12
Imagens James Webb,ciencia_global,European_Space_Agency,mobile-app,spider,2022-06-12,2024-01-12
Imagens James Webb,ciencia_global,European_Space_Agency,mobile-app,automated,2022-06-12,2024-01-12
Imagens James Webb,ciencia_global,Canadian_Space_Agency,desktop,user,2022-06-12,2024-01-12
Imagens James Webb,ciencia_global,Canadian_Space_Agency,desktop,spider,2022-06-12,2024-01-12
Imagens James Webb,ciencia_global,Canadian_Space_Agency,desktop,automated,2022-06-12,2024-01-12
Imagens James Webb,ciencia_global,Canadian_Space_Agency,mobile-web,user,2022-06-12,2024-01-12
Imagens James Webb,ciencia_global,Canadian_Space_Agency,mobile-web,spider,2022-06-12,2024-01-12
Imagens James Webb,ciencia_global,Canadian_Space_Agency,mobile-web,automated,2022-06-12,2024-01-12
Imagens James Webb,ciencia_global,Canadian_Space_Agency,mobile-app,user,2022-06-12,2024-01-12
Imagens James Webb,ciencia_global,Canadian_Space_Agency,mobile-app,spider,2022-06-12,2024-01-12
Imagens James Webb,ciencia_global,Canadian_Space_Agency,mobile-app,automated,2022-06-12,2024-01-12
Imagens James Webb,ciencia_global,Hubble_Space_Telescope,desktop,user,2022-06-12,2024-01-12
Imagens James Webb,ciencia_global,Hubble_Space_Telescope,desktop,spider,2022-06-12,2024-01-12
Imagens James Webb,ciencia_global,Hubble_Space_Telescope,desktop,automated,2022-06-12,2024-01-12
Imagens James Webb,ciencia_global,Hubble_Space_Telescope,mobile-web,user,2022-06-12,2024-01-12
Imagens James Webb,ciencia_global,Hubble_Space_Telescope,mobile-web,spider,2022-06-12,2024-01-12
Imagens James Webb,ciencia_global,Hubble_Space_Telescope,mobile-web,automated,2022-06-12,2024-01-12
Imagens James Webb,ciencia_global,Hubble_Space_Telescope,mobile-app,user,2022-06-12,2024-01-12
Imagens James Webb,ciencia_global,Hubble_Space_Telescope,mobile-app,spider,2022-06-12,2024-01-12
Imagens James Webb,ciencia_global,Hubble_Space_Telescope,mobile-app,automated,2022-06-12,2024-01-12
Imagens James Webb,ciencia_global,Carina_Nebula,desktop,user,2022-06-12,2024-01-12
Imagens James Webb,ciencia_global,Carina_Nebula,desktop,spider,2022-06-12,2024-01-12
Imagens James Webb,ciencia_global,Carina_Nebula,desktop,automated,2022-06-12,2024-01-12
Imagens James Webb,ciencia_global,Carina_Nebula,mobile-web,user,2022-06-12,2024-01-12
Imagens James Webb,ciencia_global,Carina_Nebula,mobile-web,spider,2022-06-12,2024-01-12
Imagens James Webb,ciencia_global,Carina_Nebula,mobile-web,automated,2022-06-12,2024-01-12
Imagens James Webb,ciencia_global,Carina_Nebula,mobile-app,user,2022-06-12,2024-01-12
Imagens James Webb,ciencia_global,Carina_Nebula,mobile-app,spider,2022-06-12,2024-01-12
Imagens James Webb,ciencia_global,Carina_Nebula,mobile-app,automated,2022-06-12,2024-01-12
Imagens James Webb,ciencia_global,Stephan's_Quintet,desktop,user,2022-06-12,2024-01-12
Imagens James Webb,ciencia_global,Stephan's_Quintet,desktop,spider,2022-06-12,2024-01-12
Imagens James Webb,ciencia_global,Stephan's_Quintet,desktop,automated,2022-06-12,2024-01-12
Imagens James Webb,ciencia_global,Stephan's_Quintet,mobile-web,user,2022-06-12,2024-01-12
Imagens James Webb,ciencia_global,Stephan's_Quintet,mobile-web,spider,2022-06-12,2024-01-12
Imagens James Webb,ciencia_global,Stephan's_Quintet,mobile-web,automated,2022-06-12,2024-01-12
Imagens James Webb,ciencia_global,Stephan's_Quintet,mobile-app,user,2022-06-12,2024-01-12
Imagens James Webb,ciencia_global,Stephan's_Quintet,mobile-app,spider,2022-06-12,2024-01-12
Imagens James Webb,ciencia_global,Stephan's_Quintet,mobile-app,automated,2022-06-12,2024-01-12
Imagem Sagitario A,ciencia_global,Sagittarius_A*,desktop,user,2022-04-12,2024-11-12
Imagem Sagitario A,ciencia_global,Sagittarius_A*,desktop,spider,2022-04-12,2024-11-12
Imagem Sagitario A,ciencia_global,Sagittarius_A*,desktop,automated,2022-04-12,2024-11-12
Imagem Sagitario A,ciencia_global,Sagittarius_A*,mobile-web,user,2022-04-12,2024-11-12
Imagem Sagitario A,ciencia_global,Sagittarius_A*,mobile-web,spider,2022-04-12,2024-11-12
Imagem Sagitario A,ciencia_global,Sagittarius_A*,mobile-web,automated,2022-04-12,2024-11-12
Imagem Sagitario A,ciencia_global,Sagittarius_A*,mobile-app,user,2022-04-12,2024-11-12
Imagem Sagitario A,ciencia_global,Sagittarius_A*,mobile-app,spider,2022-04-12,2024-11-12
Imagem Sagitario A,ciencia_global,Sagittarius_A*,mobile-app,automated,2022-04-12,2024-11-12
Imagem Sagitario A,ciencia_global,Event_Horizon_Telescope,desktop,user,2022-04-12,2024-11-12
Imagem Sagitario A,ciencia_global,Event_Horizon_Telescope,desktop,spider,2022-04-12,2024-11-12
Imagem Sagitario A,ciencia_global,Event_Horizon_Telescope,desktop,automated,2022-04-12,2024-11-12
Imagem Sagitario A,ciencia_global,Event_Horizon_Telescope,mobile-web,user,2022-04-12,2024-11-12
Imagem Sagitario A,ciencia_global,Event_Horizon_Telescope,mobile-web,spider,2022-04-12,2024-11-12
Imagem Sagitario A,ciencia_global,Event_Horizon_Telescope,mobile-web,automated,2022-04-12,2024-11-12
Imagem Sagitario A,ciencia_global,Event_Horizon_Telescope,mobile-app,user,2022-04-12,2024-11-12
Imagem Sagitario A,ciencia_global,Event_Horizon_Telescope,mobile-app,spider,2022-04-12,2024-11-12
Imagem Sagitario A,ciencia_global,Event_Horizon_Telescope,mobile-app,automated,2022-04-12,2024-11-12
Imagem Sagitario A,ciencia_global,Milky_Way,desktop,user,2022-04-12,2024-11-12
Imagem Sagitario A,ciencia_global,Milky_Way,desktop,spider,2022-04-12,2024-11-12
Imagem Sagitario A,ciencia_global,Milky_Way,desktop,automated,2022-04-12,2024-11-12
Imagem Sagitario A,ciencia_global,Milky_Way,mobile-web,user,2022-04-12,2024-11-12
Imagem Sagitario A,ciencia_global,Milky_Way,mobile-web,spider,2022-04-12,2024-11-12
Imagem Sagitario A,ciencia_global,Milky_Way,mobile-web,automated,2022-04-12,2024-11-12
Imagem Sagitario A,ciencia_global,Milky_Way,mobile-app,user,2022-04-12,2024-11-12
Imagem Sagitario A,ciencia_global,Milky_Way,mobile-app,spider,2022-04-12,2024-11-12
Imagem Sagitario A,ciencia_global,Milky_Way,mobile-app,automated,2022-04-12,2024-11-12
Imagem Sagitario A,ciencia_global,Black_hole,desktop,user,2022-04-12,2024-11-12
Imagem Sagitario A,ciencia_global,Black_hole,desktop,spider,2022-04-12,2024-11-12
Imagem Sagitario A,ciencia_global,Black_hole,desktop,automated,2022-04-12,2024-11-12
Imagem Sagitario A,ciencia_global,Black_hole,mobile-web,user,2022-04-12,2024-11-12
Imagem Sagitario A,ciencia_global,Black_hole,mobile-web,spider,2022-04-12,2024-11-12
Imagem Sagitario A,ciencia_global,Black_hole,mobile-web,automated,2022-04-12,2024-11-12
Imagem Sagitario A,ciencia_global,Black_hole,mobile-app,user,2022-04-12,2024-11-12
Imagem Sagitario A,ciencia_global,Black_hole,mobile-app,spider,2022-04-12,2024-11-12
Imagem Sagitario A,ciencia_global,Black_hole,mobile-app,automated,2022-04-12,2024-11-12
Imagem Sagitario A,ciencia_global,Messier_87,desktop,user,2022-04-12,2024-11-12
Imagem Sagitario A,ciencia_global,Messier_87,desktop,spider,2022-04-12,2024-11-12
Imagem Sagitario A,ciencia_global,Messier_87,desktop,automated,2022-04-12,2024-11-12
Imagem Sagitario A,ciencia_global,Messier_87,mobile-web,user,2022-04-12,2024-11-12
Imagem Sagitario A,ciencia_global,Messier_87,mobile-web,spider,2022-04-12,2024-11-12
Imagem Sagitario A,ciencia_global,Messier_87,mobile-web,automated,2022-04-12,2024-11-12
Imagem Sagitario A,ciencia_global,Messier_87,mobile-app,user,2022-04-12,2024-11-12
Imagem Sagitario A,ciencia_global,Messier_87,mobile-app,spider,2022-04-12,2024-11-12
Imagem Sagitario A,ciencia_global,Messier_87,mobile-app,automated,2022-04-12,2024-11-12
Imagem Sagitario A,ciencia_global,Sagittarius_(constellation),desktop,user,2022-04-12,2024-11-12
Imagem Sagitario A,ciencia_global,Sagittarius_(constellation),desktop,spider,2022-04-12,2024-11-12
Imagem Sagitario A,ciencia_global,Sagittarius_(constellation),desktop,automated,2022-04-12,2024-11-12
Imagem Sagitario A,ciencia_global,Sagittarius_(constellation),mobile-web,user,2022-04-12,2024-11-12
Imagem Sagitario A,ciencia_global,Sagittarius_(constellation),mobile-web,spider,2022-04-12,2024-11-12
Imagem Sagitario A,ciencia_global,Sagittarius_(constellation),mobile-web,automated,2022-04-12,2024-11-12
Imagem Sagitario A,ciencia_global,Sagittarius_(constellation),mobile-app,user,2022-04-12,2024-11-12
Imagem Sagitario A,ciencia_global,Sagittarius_(constellation),mobile-app,spider,2022-04-12,2024-11-12
Imagem Sagitario A,ciencia_global,Sagittarius_(constellation),mobile-app,automated,2022-04-12,2024-11-12
Pouso Perseverance Marte,ciencia_global,Perseverance_(rover),desktop,user,2021-01-19,2023-08-18
Pouso Perseverance Marte,ciencia_global,Perseverance_(rover),desktop,spider,2021-01-19,2023-08-18
Pouso Perseverance Marte,ciencia_global,Perseverance_(rover),desktop,automated,2021-01-19,2023-08-18
Pouso Perseverance Marte,ciencia_global,Perseverance_(rover),mobile-web,user,2021-01-19,2023-08-18
Pouso Perseverance Marte,ciencia_global,Perseverance_(rover),mobile-web,spider,2021-01-19,2023-08-18
Pouso Perseverance Marte,ciencia_global,Perseverance_(rover),mobile-web,automated,2021-01-19,2023-08-18
Pouso Perseverance Marte,ciencia_global,Perseverance_(rover),mobile-app,user,2021-01-19,2023-08-18
Pouso Perseverance Marte,ciencia_global,Perseverance_(rover),mobile-app,spider,2021-01-19,2023-08-18
Pouso Perseverance Marte,ciencia_global,Perseverance_(rover),mobile-app,automated,2021-01-19,2023-08-18
Pouso Perseverance Marte,ciencia_global,NASA,desktop,user,2021-01-19,2023-08-18
Pouso Perseverance Marte,ciencia_global,NASA,desktop,spider,2021-01-19,2023-08-18
Pouso Perseverance Marte,ciencia_global,NASA,desktop,automated,2021-01-19,2023-08-18
Pouso Perseverance Marte,ciencia_global,NASA,mobile-web,user,2021-01-19,2023-08-18
Pouso Perseverance Marte,ciencia_global,NASA,mobile-web,spider,2021-01-19,2023-08-18
Pouso Perseverance Marte,ciencia_global,NASA,mobile-web,automated,2021-01-19,2023-08-18
Pouso Perseverance Marte,ciencia_global,NASA,mobile-app,user,2021-01-19,2023-08-18
Pouso Perseverance Marte,ciencia_global,NASA,mobile-app,spider,2021-01-19,2023-08-18
Pouso Perseverance Marte,ciencia_global,NASA,mobile-app,automated,2021-01-19,2023-08-18
Pouso Perseverance Marte,ciencia_global,Mars,desktop,user,2021-01-19,2023-08-18
Pouso Perseverance Marte,ciencia_global,Mars,desktop,spider,2021-01-19,2023-08-18
Pouso Perseverance Marte,ciencia_global,Mars,desktop,automated,2021-01-19,2023-08-18
Pouso Perseverance Marte,ciencia_global,Mars,mobile-web,user,2021-01-19,2023-08-18
Pouso Perseverance Marte,ciencia_global,Mars,mobile-web,spider,2021-01-19,2023-08-18
Pouso Perseverance Marte,ciencia_global,Mars,mobile-web,automated,2021-01-19,2023-08-18
Pouso Perseverance Marte,ciencia_global,Mars,mobile-app,user,2021-01-19,2023-08-18
Pouso Perseverance Marte,ciencia_global,Mars,mobile-app,spider,2021-01-19,2023-08-18
Pouso Perseverance Marte,ciencia_global,Mars,mobile-app,automated,2021-01-19,2023-08-18
Pouso Perseverance Marte,ciencia_global,Jet_Propulsion_Laboratory,desktop,user,2021-01-19,2023-08-18
Pouso Perseverance Marte,ciencia_global,Jet_Propulsion_Laboratory,desktop,spider,2021-01-19,2023-08-18
Pouso Perseverance Marte,ciencia_global,Jet_Propulsion_Laboratory,desktop,automated,2021-01-19,2023-08-18
Pouso Perseverance Marte,ciencia_global,Jet_Propulsion_Laboratory,mobile-web,user,2021-01-19,2023-08-18
Pouso Perseverance Marte,ciencia_global,Jet_Propulsion_Laboratory,mobile-web,spider,2021-01-19,2023-08-18
Pouso Perseverance Marte,ciencia_global,Jet_Propulsion_Laboratory,mobile-web,automated,2021-01-19,2023-08-18
Pouso Perseverance Marte,ciencia_global,Jet_Propulsion_Laboratory,mobile-app,user,2021-01-19,2023-08-18
Pouso Perseverance Marte,ciencia_global,Jet_Propulsion_Laboratory,mobile-app,spider,2021-01-19,2023-08-18
Pouso Perseverance Marte,ciencia_global,Jet_Propulsion_Laboratory,mobile-app,automated,2021-01-19,2023-08-18
Pouso Perseverance Marte,ciencia_global,Ingenuity_(helicopter),desktop,user,2021-01-19,2023-08-18
Pouso Perseverance Marte,ciencia_global,Ingenuity_(helicopter),desktop,spider,2021-01-19,2023-08-18
Pouso Perseverance Marte,ciencia_global,Ingenuity_(helicopter),desktop,automated,2021-01-19,2023-08-18
Pouso Perseverance Marte,ciencia_global,Ingenuity_(helicopter),mobile-web,user,2021-01-19,2023-08-18
Pouso Perseverance Marte,ciencia_global,Ingenuity_(helicopter),mobile-web,spider,2021-01-19,2023-08-18
Pouso Perseverance Marte,ciencia_global,Ingenuity_(helicopter),mobile-web,automated,2021-01-19,2023-08-18
Pouso Perseverance Marte,ciencia_global,Ingenuity_(helicopter),mobile-app,user,2021-01-19,2023-08-18
Pouso Perseverance Marte,ciencia_global,Ingenuity_(helicopter),mobile-app,spider,2021-01-19,2023-08-18
Pouso Perseverance Marte,ciencia_global,Ingenuity_(helicopter),mobile-app,automated,2021-01-19,2023-08-18
Pouso Perseverance Marte,ciencia_global,Jezero_(crater),desktop,user,2021-01-19,2023-08-18
Pouso Perseverance Marte,ciencia_global,Jezero_(crater),desktop,spider,2021-01-19,2023-08-18
Pouso Perseverance Marte,ciencia_global,Jezero_(crater),desktop,automated,2021-01-19,2023-08-18
Pouso Perseverance Marte,ciencia_global,Jezero_(crater),mobile-web,user,2021-01-19,2023-08-18
Pouso Perseverance Marte,ciencia_global,Jezero_(crater),mobile-web,spider,2021-01-19,2023-08-18
Pouso Perseverance Marte,ciencia_global,Jezero_(crater),mobile-web,automated,2021-01-19,2023-08-18
Pouso Perseverance Marte,ciencia_global,Jezero_(crater),mobile-app,user,2021-01-19,2023-08-18
Pouso Perseverance Marte,ciencia_global,Jezero_(crater),mobile-app,spider,2021-01-19,2023-08-18
Pouso Perseverance Marte,ciencia_global,Jezero_(crater),mobile-app,automated,2021-01-19,2023-08-18
Pouso Perseverance Marte,ciencia_global,Curiosity_(rover),desktop,user,2021-01-19,2023-08-18
Pouso Perseverance Marte,ciencia_global,Curiosity_(rover),desktop,spider,2021-01-19,2023-08-18
Pouso Perseverance Marte,ciencia_global,Curiosity_(rover),desktop,automated,2021-01-19,2023-08-18
Pouso Perseverance Marte,ciencia_global,Curiosity_(rover),mobile-web,user,2021-01-19,2023-08-18
Pouso Perseverance Marte,ciencia_global,Curiosity_(rover),mobile-web,spider,2021-01-19,2023-08-18
Pouso Perseverance Marte,ciencia_global,Curiosity_(rover),mobile-web,automated,2021-01-19,2023-08-18
Pouso Perseverance Marte,ciencia_global,Curiosity_(rover),mobile-app,user,2021-01-19,2023-08-18
Pouso Perseverance Marte,ciencia_global,Curiosity_(rover),mobile-app,spider,2021-01-19,2023-08-18
Pouso Perseverance Marte,ciencia_global,Curiosity_(rover),mobile-app,automated,2021-01-19,2023-08-18
Lancamento Artemis I,ciencia_global,Artemis_I,desktop,user,2022-10-17,2025-05-16
Lancamento Artemis I,ciencia_global,Artemis_I,desktop,spider,2022-10-17,2025-05-16
Lancamento Artemis I,ciencia_global,Artemis_I,desktop,automated,2022-10-17,2025-05-16
Lancamento Artemis I,ciencia_global,Artemis_I,mobile-web,user,2022-10-17,2025-05-16
Lancamento Artemis I,ciencia_global,Artemis_I,mobile-web,spider,2022-10-17,2025-05-16
Lancamento Artemis I,ciencia_global,Artemis_I,mobile-web,automated,2022-10-17,2025-05-16
Lancamento Artemis I,ciencia_global,Artemis_I,mobile-app,user,2022-10-17,2025-05-16
Lancamento Artemis I,ciencia_global,Artemis_I,mobile-app,spider,2022-10-17,2025-05-16
Lancamento Artemis I,ciencia_global,Artemis_I,mobile-app,automated,2022-10-17,2025-05-16
Lancamento Artemis I,ciencia_global,NASA,desktop,user,2022-10-17,2025-05-16
Lancamento Artemis I,ciencia_global,NASA,desktop,spider,2022-10-17,2025-05-16
Lancamento Artemis I,ciencia_global,NASA,desktop,automated,2022-10-17,2025-05-16
Lancamento Artemis I,ciencia_global,NASA,mobile-web,user,2022-10-17,2025-05-16
Lancamento Artemis I,ciencia_global,NASA,mobile-web,spider,2022-10-17,2025-05-16
Lancamento Artemis I,ciencia_global,NASA,mobile-web,automated,2022-10-17,2025-05-16
Lancamento Artemis I,ciencia_global,NASA,mobile-app,user,2022-10-17,2025-05-16
Lancamento Artemis I,ciencia_global,NASA,mobile-app,spider,2022-10-17,2025-05-16
Lancamento Artemis I,ciencia_global,NASA,mobile-app,automated,2022-10-17,2025-05-16
Lancamento Artemis I,ciencia_global,Space_Launch_System,desktop,user,2022-10-17,2025-05-16
Lancamento Artemis I,ciencia_global,Space_Launch_System,desktop,spider,2022-10-17,2025-05-16
Lancamento Artemis I,ciencia_global,Space_Launch_System,desktop,automated,2022-10-17,2025-05-16
Lancamento Artemis I,ciencia_global,Space_Launch_System,mobile-web,user,2022-10-17,2025-05-16
Lancamento Artemis I,ciencia_global,Space_Launch_System,mobile-web,spider,2022-10-17,2025-05-16
Lancamento Artemis I,ciencia_global,Space_Launch_System,mobile-web,automated,2022-10-17,2025-05-16
Lancamento Artemis I,ciencia_global,Space_Launch_System,mobile-app,user,2022-10-17,2025-05-16
Lancamento Artemis I,ciencia_global,Space_Launch_System,mobile-app,spider,2022-10-17,2025-05-16
Lancamento Artemis I,ciencia_global,Space_Launch_System,mobile-app,automated,2022-10-17,2025-05-16
Lancamento Artemis I,ciencia_global,Orion_(spacecraft),desktop,user,2022-10-17,2025-05-16
Lancamento Artemis I,ciencia_global,Orion_(spacecraft),desktop,spider,2022-10-17,2025-05-16
Lancamento Artemis I,ciencia_global,Orion_(spacecraft),desktop,automated,2022-10-17,2025-05-16
Lancamento Artemis I,ciencia_global,Orion_(spacecraft),mobile-web,user,2022-10-17,2025-05-16
Lancamento Artemis I,ciencia_global,Orion_(spacecraft),mobile-web,spider,2022-10-17,2025-05-16
Lancamento Artemis I,ciencia_global,Orion_(spacecraft),mobile-web,automated,2022-10-17,2025-05-16
Lancamento Artemis I,ciencia_global,Orion_(spacecraft),mobile-app,user,2022-10-17,2025-05-16
Lancamento Artemis I,ciencia_global,Orion_(spacecraft),mobile-app,spider,2022-10-17,2025-05-16
Lancamento Artemis I,ciencia_global,Orion_(spacecraft),mobile-app,automated,2022-10-17,2025-05-16
Lancamento Artemis I,ciencia_global,Kennedy_Space_Center,desktop,user,2022-10-17,2025-05-16
Lancamento Artemis I,ciencia_global,Kennedy_Space_Center,desktop,spider,2022-10-17,2025-05-16
Lancamento Artemis I,ciencia_global,Kennedy_Space_Center,desktop,automated,2022-10-17,2025-05-16
Lancamento Artemis I,ciencia_global,Kennedy_Space_Center,mobile-web,user,2022-10-17,2025-05-16
Lancamento Artemis I,ciencia_global,Kennedy_Space_Center,mobile-web,spider,2022-10-17,2025-05-16
Lancamento Artemis I,ciencia_global,Kennedy_Space_Center,mobile-web,automated,2022-10-17,2025-05-16
Lancamento Artemis I,ciencia_global,Kennedy_Space_Center,mobile-app,user,2022-10-17,2025-05-16
Lancamento Artemis I,ciencia_global,Kennedy_Space_Center,mobile-app,spider,2022-10-17,2025-05-16
Lancamento Artemis I,ciencia_global,Kennedy_Space_Center,mobile-app,automated,2022-10-17,2025-05-16
Lancamento Artemis I,ciencia_global,Artemis_program,desktop,user,2022-10-17,2025-05-16
Lancamento Artemis I,ciencia_global,Artemis_program,desktop,spider,2022-10-17,2025-05-16
Lancamento Artemis I,ciencia_global,Artemis_program,desktop,automated,2022-10-17,2025-05-16
Lancamento Artemis I,ciencia_global,Artemis_program,mobile-web,user,2022-10-17,2025-05-16
Lancamento Artemis I,ciencia_global,Artemis_program,mobile-web,spider,2022-10-17,2025-05-16
Lancamento Artemis I,ciencia_global,Artemis_program,mobile-web,automated,2022-10-17,2025-05-16
Lancamento Artemis I,ciencia_global,Artemis_program,mobile-app,user,2022-10-17,2025-05-16
Lancamento Artemis I,ciencia_global,Artemis_program,mobile-app,spider,2022-10-17,2025-05-16
Lancamento Artemis I,ciencia_global,Artemis_program,mobile-app,automated,2022-10-17,2025-05-16
Lancamento Artemis I,ciencia_global,Moon,desktop,user,2022-10-17,2025-05-16
Lancamento Artemis I,ciencia_global,Moon,desktop,spider,2022-10-17,2025-05-16
Lancamento Artemis I,ciencia_global,Moon,desktop,automated,2022-10-17,2025-05-16
Lancamento Artemis I,ciencia_global,Moon,mobile-web,user,2022-10-17,2025-05-16
Lancamento Artemis I,ciencia_global,Moon,mobile-web,spider,2022-10-17,2025-05-16
Lancamento Artemis I,ciencia_global,Moon,mobile-web,automated,2022-10-17,2025-05-16
Lancamento Artemis I,ciencia_global,Moon,mobile-app,user,2022-10-17,2025-05-16
Lancamento Artemis I,ciencia_global,Moon,mobile-app,spider,2022-10-17,2025-05-16
Lancamento Artemis I,ciencia_global,Moon,mobile-app,automated,2022-10-17,2025-05-16
